generation,version_id,parent_id,conversation_id,persona_type,weighted_total,resolution_rate,agent1_goal_pass_rate,agent1_quality_pass_rate,agent1_compliance,agent2_goal_pass_rate,agent2_quality_pass_rate,agent2_compliance,agent3_goal_pass_rate,agent3_quality_pass_rate,agent3_compliance,handoff_1_pass_rate,handoff_2_pass_rate,system_pass_rate,promoted
0,v0,,conv-9b3d6f7b,cooperative,7.92,1.0,1.00,0.71,True,0.89,0.71,True,0.75,0.43,True,6.62,7.75,3.57,False
0,v0,,conv-77498749,combative,4.09,0.0,0.50,0.43,False,0.44,0.43,True,0.88,0.29,True,3.25,5.50,3.57,False
0,v0,,conv-4bda5b6f,evasive,7.22,1.0,0.62,0.43,True,0.89,0.71,True,0.62,0.43,True,5.50,7.75,3.57,False
0,v0,,conv-0617555b,confused,6.99,1.0,0.50,0.43,True,0.67,0.71,True,0.62,0.57,True,5.50,7.75,3.57,False
0,v0,,conv-f379e201,distressed,7.69,1.0,0.88,0.43,True,0.44,0.71,True,0.88,0.86,True,7.75,7.75,3.57,False
0,v0_0_cb8e,v0,conv-c1f784ae,cooperative,5.88,1.0,0.62,0.29,True,0.78,0.71,True,0.00,0.00,True,7.75,1.00,3.57,False
0,v0_0_cb8e,v0,conv-235322db,combative,6.22,0.0,0.50,0.14,True,0.67,0.57,True,0.62,0.14,True,4.38,5.50,3.57,False
0,v0_0_cb8e,v0,conv-aa039c62,cooperative,4.41,0.0,0.62,0.43,True,0.56,0.71,False,0.62,0.29,True,4.38,6.62,3.57,False
0,v0_0_cb8e,v0,conv-6dcd55b5,combative,6.74,0.0,0.50,0.43,True,0.67,0.71,True,0.62,0.57,True,4.38,5.50,3.57,False
0,v0_0_cb8e,v0,conv-19e8f405,evasive,7.25,0.0,0.50,0.43,True,0.89,0.71,True,0.88,0.43,True,5.50,6.62,3.57,False
0,v0_0_cb8e,v0,conv-ff8e9149,confused,6.7,1.0,0.62,0.43,True,0.56,0.71,True,0.38,0.71,True,4.38,6.62,3.57,False
0,v0_0_cb8e,v0,conv-323494d1,distressed,8.19,1.0,0.75,0.57,True,0.78,0.86,True,0.75,0.86,True,8.88,10.00,3.57,False
0,v0_0_cb8e,v0,conv-40c5d54a,cooperative,6.51,1.0,1.00,0.86,True,0.78,0.57,True,0.00,0.00,True,6.62,1.00,4.86,False
0,v0_0_cb8e,v0,conv-fafad538,combative,6.42,0.0,0.50,0.14,True,0.67,0.71,True,0.75,0.29,True,3.25,5.50,3.57,False
0,v0_0_cb8e,v0,conv-88dd632a,evasive,7.07,1.0,0.62,0.43,True,0.78,0.71,True,0.75,0.71,True,3.25,5.50,3.57,False
0,v0_0_cb8e,v0,conv-4ba21bb5,cooperative,6.37,1.0,1.00,0.14,True,1.00,0.71,True,0.00,0.00,True,6.62,1.00,4.86,False
0,v0_0_cb8e,v0,conv-67903963,combative,6.32,0.0,0.50,0.29,True,0.56,0.43,True,0.75,0.43,True,3.25,5.50,3.57,False
0,v0_0_cb8e,v0,conv-e64ca76b,evasive,7.09,0.0,0.62,0.43,True,0.78,0.57,True,0.88,0.57,True,4.38,5.50,3.57,False
0,v0_0_cb8e,v0,conv-31aeca9a,confused,6.54,0.0,0.62,0.43,True,0.56,0.71,True,0.62,0.29,True,4.38,6.62,2.29,False
0,v0_0_cb8e,v0,conv-576a74fd,distressed,7.37,1.0,0.75,0.14,True,0.78,0.71,True,0.88,0.57,True,7.75,5.50,3.57,False
0,v0_0_cb8e,v0,conv-31cb7094,cooperative,6.93,1.0,1.00,0.71,True,1.00,0.86,True,0.00,0.00,True,6.62,1.00,6.14,False
0,v0_0_cb8e,v0,conv-d96a2980,combative,6.24,0.0,0.50,0.14,True,0.56,0.71,True,0.75,0.29,True,2.12,5.50,3.57,False
0,v0_0_cb8e,v0,conv-64df96ae,evasive,6.96,0.0,0.50,0.43,True,0.67,0.71,True,0.88,0.57,True,4.38,5.50,3.57,False
0,v0_0_cb8e,v0,conv-dc91120e,confused,6.96,0.0,0.50,0.14,True,0.67,0.71,True,0.88,0.57,True,4.38,7.75,3.57,False
0,v0_0_cb8e,v0,conv-7d06de41,distressed,8.12,1.0,0.88,0.71,True,0.67,0.71,True,0.75,0.71,True,8.88,10.00,3.57,False
0,v0_0_cb8e,v0,conv-32ca5604,cooperative,5.93,1.0,1.00,0.71,True,0.67,0.71,False,0.88,0.71,True,7.75,8.88,3.57,False
0,v0_0_cb8e,v0,conv-ba569888,combative,6.34,0.0,0.62,0.43,True,0.44,0.14,True,0.75,0.43,True,4.38,5.50,3.57,False
0,v0_0_cb8e,v0,conv-ea2d3f6c,evasive,7.62,0.0,0.50,0.57,True,0.89,0.71,True,1.00,0.71,True,6.62,5.50,3.57,False
0,v0_0_cb8e,v0,conv-afa2a35e,confused,6.59,1.0,0.50,0.43,True,0.33,0.71,True,0.75,0.57,True,6.62,5.50,2.29,False
0,v0_0_cb8e,v0,conv-38737a12,distressed,8.08,1.0,0.88,0.71,True,0.78,0.86,True,0.88,0.57,True,6.62,8.88,3.57,False
0,v0_3_87bb,v0,conv-54aed325,cooperative,6.93,1.0,0.62,0.43,True,0.78,0.57,True,0.75,0.57,True,4.38,6.62,2.29,False
0,v0_3_87bb,v0,conv-20840a32,combative,4.86,0.0,0.50,0.14,True,0.67,0.43,True,0.00,0.00,True,2.12,1.00,2.29,False
0,v0_3_87bb,v0,conv-0d571292,cooperative,6.87,1.0,1.00,1.00,True,0.89,0.86,True,0.00,0.00,True,6.62,1.00,4.86,False
0,v0_3_87bb,v0,conv-584a55aa,combative,6.68,0.0,0.50,0.29,True,0.67,0.57,True,0.75,0.29,True,5.50,6.62,3.57,False
0,v0_3_87bb,v0,conv-dae5dff9,evasive,7.43,1.0,0.62,0.43,True,0.78,0.71,True,0.88,0.57,True,5.50,7.75,3.57,False
0,v0_3_87bb,v0,conv-74f2414d,confused,7.06,0.0,0.62,0.43,True,0.67,0.71,True,0.62,0.71,True,4.38,8.88,2.29,False
0,v0_3_87bb,v0,conv-018f9663,distressed,7.87,1.0,0.88,0.71,True,0.44,0.86,True,0.88,0.86,True,7.75,6.62,3.57,False
0,v0_3_87bb,v0,conv-d5e04398,cooperative,5.49,1.0,0.75,0.43,True,0.56,0.14,True,0.00,0.00,True,5.50,1.00,4.86,False
0,v0_3_87bb,v0,conv-dfff5a14,combative,6.63,0.0,0.62,0.14,True,0.56,0.71,True,0.88,0.29,True,3.25,6.62,3.57,False
0,v0_3_87bb,v0,conv-e7f8c671,evasive,7.34,0.0,0.62,0.43,True,0.78,0.57,True,0.88,0.57,True,6.62,6.62,3.57,False
0,v0_3_87bb,v0,conv-20eeef59,cooperative,8.22,1.0,1.00,0.57,True,1.00,0.86,True,0.88,0.71,True,5.50,7.75,3.57,False
0,v0_3_87bb,v0,conv-e3a949ae,combative,5.25,1.0,0.62,0.14,True,0.56,0.57,True,0.00,0.00,True,4.38,1.00,3.57,False
0,v0_3_87bb,v0,conv-bfaeb4f1,evasive,7.19,0.0,0.62,0.43,True,0.89,0.71,True,0.88,0.57,True,4.38,4.38,3.57,False
0,v0_3_87bb,v0,conv-161115cd,confused,6.92,1.0,0.50,0.14,True,0.56,0.57,True,0.75,0.57,True,7.75,7.75,3.57,False
0,v0_3_87bb,v0,conv-d61720cd,distressed,8.09,1.0,1.00,0.57,True,0.67,0.71,True,0.88,0.57,True,8.88,8.88,3.57,False
0,v0_3_87bb,v0,conv-f5539b05,cooperative,8.29,1.0,1.00,0.71,True,0.89,0.71,True,0.88,0.71,True,6.62,8.88,3.57,False
0,v0_3_87bb,v0,conv-451d5a52,combative,6.71,0.0,0.62,0.29,True,0.44,0.86,True,0.88,0.43,True,5.50,3.25,3.57,False
0,v0_3_87bb,v0,conv-d468df27,evasive,6.84,0.0,0.50,0.29,True,0.78,0.57,True,0.62,0.57,True,6.62,5.50,3.57,False
0,v0_3_87bb,v0,conv-1e96750f,confused,6.52,1.0,0.50,0.14,True,0.33,0.71,True,0.62,0.57,True,6.62,6.62,3.57,False
0,v0_3_87bb,v0,conv-357507fe,distressed,8.25,1.0,0.88,0.71,True,0.78,0.71,True,0.88,0.71,True,8.88,8.88,3.57,False
0,v0_3_87bb,v0,conv-ae042645,cooperative,7.44,1.0,0.88,0.14,True,0.78,0.14,True,0.88,0.86,True,6.62,6.62,4.86,False
0,v0_3_87bb,v0,conv-a83704fa,combative,4.1,0.0,0.62,0.43,True,0.56,0.14,False,0.75,0.29,True,4.38,5.50,3.57,False
0,v0_3_87bb,v0,conv-86782443,evasive,7.18,1.0,0.62,0.57,True,0.78,0.71,True,0.88,0.57,True,3.25,5.50,3.57,False
0,v0_3_87bb,v0,conv-e2e5586b,confused,6.78,0.0,0.50,0.29,True,0.56,0.71,True,0.88,0.29,True,5.50,6.62,3.57,False
0,v0_3_87bb,v0,conv-20278744,distressed,8.14,1.0,0.75,0.71,True,0.78,0.86,True,0.88,0.71,True,7.75,8.88,3.57,False
0,v0_1_f082,v0,conv-0b895868,cooperative,6.61,1.0,1.00,0.71,True,0.89,0.71,True,0.00,0.00,True,6.62,1.00,4.86,False
0,v0_1_f082,v0,conv-5c4590db,combative,6.72,0.0,0.62,0.29,True,0.56,0.57,True,0.88,0.43,True,4.38,5.50,3.57,False
0,v0_1_f082,v0,conv-a1cf2947,cooperative,4.08,1.0,0.88,0.29,True,0.89,0.86,False,0.00,0.00,True,6.62,1.00,4.86,False
0,v0_1_f082,v0,conv-bb9f3ddb,combative,6.9,0.0,0.62,0.43,True,0.67,0.57,True,0.88,0.43,True,4.38,5.50,3.57,False
0,v0_1_f082,v0,conv-cc35a08a,evasive,7.29,1.0,0.50,0.43,True,0.78,0.71,True,0.75,0.43,True,7.75,7.75,3.57,False
0,v0_1_f082,v0,conv-5b2be738,confused,7.36,1.0,0.50,0.43,True,0.67,0.71,True,0.75,0.71,True,7.75,7.75,3.57,False
0,v0_1_f082,v0,conv-e709d1b0,distressed,8.08,1.0,0.88,0.57,True,0.78,0.86,True,0.88,0.71,True,6.62,8.88,3.57,False
0,v0_1_f082,v0,conv-a6b6e296,cooperative,5.57,1.0,0.88,0.57,True,0.67,0.29,True,0.00,0.00,True,6.62,1.00,1.00,False
0,v0_1_f082,v0,conv-a2d1a529,combative,4.6,0.0,0.50,0.14,False,0.67,0.57,True,0.75,0.43,False,6.62,7.75,3.57,False
0,v0_1_f082,v0,conv-2f3c6f5b,evasive,7.53,0.0,0.62,0.43,True,0.89,0.86,True,0.88,0.29,True,6.62,7.75,3.57,False
0,v0_1_f082,v0,conv-48c65e70,cooperative,6.67,1.0,0.88,1.00,True,0.89,0.71,True,0.00,0.00,True,6.62,1.00,4.86,False
0,v0_1_f082,v0,conv-a6d3e173,combative,6.76,0.0,0.62,0.14,True,0.67,0.71,True,0.62,0.43,True,5.50,6.62,3.57,False
0,v0_1_f082,v0,conv-1675fa96,evasive,7.32,0.0,0.62,0.43,True,0.78,0.71,True,0.75,0.57,True,5.50,7.75,3.57,False
0,v0_1_f082,v0,conv-f6d985cf,confused,6.99,1.0,0.50,0.43,True,0.67,0.71,True,0.62,0.57,True,5.50,7.75,3.57,False
0,v0_1_f082,v0,conv-a3672010,distressed,7.68,1.0,0.62,0.29,True,0.78,0.71,True,0.88,0.71,True,7.75,8.88,3.57,False
0,v0_1_f082,v0,conv-80fe2da8,cooperative,6.4,1.0,1.00,0.71,True,0.89,0.57,True,0.00,0.00,True,6.62,1.00,3.57,False
0,v0_1_f082,v0,conv-d9cb86cc,combative,4.26,1.0,0.62,0.29,False,0.44,0.43,True,0.75,0.57,True,3.25,6.62,3.57,False
0,v0_1_f082,v0,conv-7ac30b40,evasive,7.43,1.0,0.62,0.43,True,0.78,0.71,True,0.88,0.57,True,6.62,6.62,3.57,False
0,v0_1_f082,v0,conv-76e7db5c,confused,5.54,1.0,0.50,0.43,True,0.67,0.71,True,0.00,0.00,True,6.62,1.00,2.29,False
0,v0_1_f082,v0,conv-1c0d8a26,distressed,7.94,1.0,0.75,0.71,True,0.78,0.71,True,0.75,0.71,True,7.75,8.88,3.57,False
0,v0_1_f082,v0,conv-b3668bd3,cooperative,6.53,1.0,1.00,0.29,True,0.89,1.00,True,0.00,0.00,True,6.62,1.00,4.86,False
0,v0_1_f082,v0,conv-59210649,combative,6.78,0.0,0.62,0.43,True,0.56,0.57,True,0.75,0.43,True,5.50,5.50,3.57,False
0,v0_1_f082,v0,conv-d1c5fcb9,evasive,5.84,1.0,0.62,0.43,True,0.78,0.71,True,0.00,0.00,True,4.38,1.00,4.86,False
0,v0_1_f082,v0,conv-d3fa5150,confused,5.45,1.0,0.50,0.43,True,0.67,0.71,True,0.00,0.00,True,5.50,1.00,2.29,False
0,v0_1_f082,v0,conv-a0b7a630,distressed,7.41,1.0,0.75,0.43,True,0.44,0.71,True,0.88,0.57,True,7.75,7.75,3.57,False
1,v1_0_929a,v0_1_f082,conv-7b77938a,cooperative,7.65,1.0,1.00,0.86,True,0.56,0.29,True,0.88,0.57,True,5.50,8.88,3.57,False
1,v1_0_929a,v0_1_f082,conv-c4ce96a9,combative,3.91,0.0,0.50,0.14,False,0.44,0.29,True,0.88,0.29,True,4.38,5.50,3.57,False
1,v1_2_3412,v0_0_cb8e,conv-603a6115,cooperative,8.19,1.0,1.00,0.86,True,0.78,0.57,True,0.88,0.86,True,6.62,7.75,3.57,False
1,v1_2_3412,v0_0_cb8e,conv-9dae2872,combative,6.62,0.0,0.62,0.43,True,0.44,0.43,True,0.88,0.43,True,3.25,6.62,3.57,False
1,v1_2_3412,v0_0_cb8e,conv-da018401,cooperative,8.31,1.0,1.00,0.86,True,1.00,0.71,True,0.88,0.71,True,5.50,7.75,3.57,False
1,v1_2_3412,v0_0_cb8e,conv-b06c5fe0,combative,5.85,0.0,0.50,0.14,True,0.33,0.86,True,0.50,0.14,True,6.62,3.25,2.29,False
1,v1_2_3412,v0_0_cb8e,conv-35790f7a,evasive,7.4,0.0,0.50,0.43,True,0.78,0.71,True,0.88,0.57,True,6.62,7.75,3.57,False
1,v1_2_3412,v0_0_cb8e,conv-7d6bcd60,confused,6.82,1.0,0.50,0.43,True,0.44,0.71,True,0.75,0.43,True,6.62,6.62,3.57,False
1,v1_2_3412,v0_0_cb8e,conv-8976d91d,distressed,7.43,1.0,0.75,0.43,True,0.78,0.71,True,0.75,0.71,True,7.75,4.38,3.57,False
1,v1_2_3412,v0_0_cb8e,conv-885b8d85,cooperative,7.64,1.0,1.00,0.57,True,0.67,0.57,True,0.75,0.57,True,6.62,7.75,3.57,False
1,v1_2_3412,v0_0_cb8e,conv-1c2dc6a1,combative,3.58,1.0,0.50,0.14,False,0.56,0.43,True,0.25,0.14,True,4.38,5.50,4.86,False
1,v1_2_3412,v0_0_cb8e,conv-6a652f0b,evasive,6.91,0.0,0.62,0.43,True,0.89,0.71,True,0.75,0.29,True,4.38,4.38,3.57,False
1,v1_2_3412,v0_0_cb8e,conv-811b40f4,cooperative,4.83,1.0,0.00,0.00,True,0.00,0.00,True,0.25,0.00,True,8.88,7.75,3.57,False
1,v1_2_3412,v0_0_cb8e,conv-35caaa99,combative,1.99,1.0,0.12,0.00,False,0.00,0.00,True,0.12,0.00,False,4.38,4.38,3.57,False
1,v1_2_3412,v0_0_cb8e,conv-6518bd62,evasive,4.51,0.0,0.00,0.14,True,0.11,0.00,True,0.25,0.14,True,4.38,4.38,3.57,False
1,v1_2_3412,v0_0_cb8e,conv-2cec3413,confused,3.93,1.0,0.12,0.00,True,0.11,0.00,True,0.00,0.00,True,5.50,1.00,2.29,False
1,v1_2_3412,v0_0_cb8e,conv-814de0f9,distressed,2.77,1.0,0.12,0.00,False,0.11,0.29,True,0.12,0.00,True,7.75,7.75,3.57,False
1,v1_2_3412,v0_0_cb8e,conv-29d74c50,cooperative,4.99,1.0,0.38,0.00,True,0.00,0.14,True,0.00,0.00,True,6.62,7.75,4.86,False
1,v1_2_3412,v0_0_cb8e,conv-fb0ad7f7,combative,4.41,0.0,0.12,0.00,True,0.00,0.00,True,0.12,0.00,True,5.50,5.50,3.57,False
1,v1_2_3412,v0_0_cb8e,conv-adb2740f,evasive,4.83,0.0,0.25,0.14,True,0.00,0.14,True,0.00,0.29,True,5.50,6.62,3.57,False
1,v1_2_3412,v0_0_cb8e,conv-1e8e9d9c,confused,4.44,1.0,0.00,0.14,True,0.00,0.00,True,0.00,0.00,True,6.62,6.62,3.57,False
1,v1_2_3412,v0_0_cb8e,conv-e1c0d862,distressed,2.74,1.0,0.00,0.00,False,0.11,0.00,True,0.12,0.14,True,8.88,8.88,3.57,False
1,v1_2_3412,v0_0_cb8e,conv-1ae41dc3,cooperative,5.88,1.0,0.25,0.29,True,0.44,0.43,True,0.25,0.14,True,7.75,7.75,3.57,False
1,v1_2_3412,v0_0_cb8e,conv-f13db1a8,combative,5.22,0.0,0.38,0.00,True,0.33,0.43,True,0.25,0.00,True,3.25,6.62,3.57,False
1,v1_2_3412,v0_0_cb8e,conv-dd14ba9b,evasive,4.83,1.0,0.25,0.29,True,0.00,0.00,True,0.00,0.29,True,5.50,6.62,3.57,False
1,v1_2_3412,v0_0_cb8e,conv-560a7879,confused,4.45,0.0,0.00,0.00,True,0.11,0.00,True,0.00,0.14,True,5.50,6.62,3.57,False
1,v1_2_3412,v0_0_cb8e,conv-b5691048,distressed,5.1,1.0,0.00,0.29,True,0.11,0.14,True,0.25,0.00,True,7.75,7.75,3.57,False
1,v1_3_beba,v0_0_cb8e,conv-f72a48fb,cooperative,7.04,1.0,0.62,0.14,True,0.44,0.57,True,0.88,0.86,True,7.75,5.50,3.57,False
1,v1_3_beba,v0_0_cb8e,conv-8857474a,combative,6.35,0.0,0.50,0.14,True,0.56,0.29,True,0.88,0.43,True,4.38,5.50,3.57,False
1,v1_3_beba,v0_0_cb8e,conv-de275c76,cooperative,8.38,1.0,1.00,0.86,True,0.89,0.71,True,0.88,0.86,True,6.62,7.75,3.57,False
1,v1_3_beba,v0_0_cb8e,conv-5f27ff3f,combative,7.1,1.0,0.62,0.14,True,0.67,0.71,True,1.00,0.43,True,4.38,7.75,3.57,False
1,v1_3_beba,v0_0_cb8e,conv-530dbd77,evasive,6.99,0.0,0.62,0.43,True,0.67,0.57,True,0.88,0.57,True,4.38,5.50,3.57,False
1,v1_3_beba,v0_0_cb8e,conv-d52a1b0e,confused,6.92,1.0,0.62,0.57,True,0.56,0.71,True,0.62,0.43,True,6.62,5.50,3.57,False
1,v1_3_beba,v0_0_cb8e,conv-92f85e4d,distressed,7.65,1.0,0.88,0.57,True,0.33,0.86,True,0.75,0.71,True,7.75,8.88,3.57,False
1,v1_3_beba,v0_0_cb8e,conv-a5fede1c,cooperative,6.76,1.0,1.00,0.71,True,1.00,0.57,True,0.00,0.00,True,6.62,1.00,6.14,False
1,v1_3_beba,v0_0_cb8e,conv-543a283c,combative,6.37,0.0,0.38,0.14,True,0.44,0.57,True,0.75,0.71,True,4.38,5.50,3.57,False
1,v1_3_beba,v0_0_cb8e,conv-1d0b456b,evasive,6.99,0.0,0.62,0.43,True,0.44,0.71,True,1.00,0.57,True,4.38,5.50,3.57,False
1,v1_3_beba,v0_0_cb8e,conv-3b9e4359,cooperative,5.99,1.0,0.75,0.14,True,0.22,0.29,True,0.38,0.14,True,6.62,7.75,3.57,False
1,v1_3_beba,v0_0_cb8e,conv-92bd65e7,combative,1.85,0.0,0.00,0.00,True,0.00,0.00,False,0.00,0.00,True,4.38,5.50,3.57,False
1,v1_3_beba,v0_0_cb8e,conv-2ade5341,evasive,4.11,0.0,0.00,0.00,True,0.11,0.00,True,0.00,0.00,True,4.38,4.38,3.57,False
1,v1_3_beba,v0_0_cb8e,conv-f8533eef,confused,4.35,0.0,0.00,0.00,True,0.00,0.00,True,0.00,0.00,True,6.62,6.62,3.57,False
1,v1_3_beba,v0_0_cb8e,conv-5653ca17,distressed,4.69,1.0,0.00,0.14,True,0.00,0.00,True,0.00,0.00,True,7.75,8.88,3.57,False
1,v1_3_beba,v0_0_cb8e,conv-2c8cc3f6,cooperative,4.23,1.0,0.00,0.00,True,0.00,0.00,True,0.00,0.00,True,8.88,1.00,4.86,False
1,v1_3_beba,v0_0_cb8e,conv-270a5a63,combative,4.18,0.0,0.00,0.00,True,0.00,0.00,True,0.00,0.00,True,4.38,6.62,3.57,False
1,v1_3_beba,v0_0_cb8e,conv-b67bf84f,evasive,3.93,0.0,0.00,0.00,True,0.00,0.00,True,0.00,0.00,True,3.25,4.38,3.57,False
1,v1_3_beba,v0_0_cb8e,conv-040fde3f,confused,4.52,1.0,0.00,0.00,True,0.00,0.00,True,0.00,0.14,True,6.62,7.75,3.57,False
1,v1_3_beba,v0_0_cb8e,conv-2d1b7809,distressed,4.79,1.0,0.00,0.00,True,0.11,0.14,True,0.00,0.00,True,7.75,8.88,3.57,False
1,v1_3_beba,v0_0_cb8e,conv-9c348f2b,cooperative,4.96,1.0,0.12,0.00,True,0.22,0.14,True,0.00,0.00,True,6.62,7.75,4.86,False
1,v1_3_beba,v0_0_cb8e,conv-c2a9a267,combative,2.33,0.0,0.12,0.00,True,0.00,0.29,False,0.12,0.00,True,4.38,6.62,3.57,False
1,v1_3_beba,v0_0_cb8e,conv-d6974fb5,evasive,5.33,0.0,0.50,0.14,True,0.11,0.29,True,0.38,0.14,True,3.25,6.62,3.57,False
1,v1_3_beba,v0_0_cb8e,conv-d3d2caa1,confused,4.0,1.0,0.00,0.14,True,0.22,0.00,True,0.00,0.00,True,5.50,1.00,2.29,False
1,v1_3_beba,v0_0_cb8e,conv-5b5ff371,distressed,5.31,1.0,0.00,0.14,True,0.00,0.00,True,0.12,0.57,True,8.88,10.00,3.57,False
2,v2_0_5ff4,v0_1_f082,conv-6f2bd3ad,cooperative,8.28,1.0,1.00,0.86,True,1.00,0.86,True,0.75,0.57,True,6.62,7.75,3.57,False
2,v2_0_5ff4,v0_1_f082,conv-3e3af622,combative,3.99,0.0,0.50,0.29,False,0.56,0.43,True,0.75,0.29,True,3.25,5.50,3.57,False
2,v2_3_bcc4,v1_3_beba,conv-16008d5b,cooperative,8.28,1.0,1.00,0.57,True,0.78,0.71,True,0.88,1.00,True,6.62,8.88,3.57,False
2,v2_3_bcc4,v1_3_beba,conv-83c60258,combative,6.11,0.0,0.50,0.14,True,0.44,0.43,True,0.62,0.57,True,4.38,4.38,3.57,False
2,v2_3_bcc4,v1_3_beba,conv-5d7e57fd,cooperative,6.97,1.0,0.62,0.29,True,0.56,0.14,True,0.88,0.86,True,6.62,6.62,3.57,False
2,v2_3_bcc4,v1_3_beba,conv-8cfdd9a1,combative,6.28,0.0,0.50,0.29,True,0.56,0.43,True,0.75,0.29,True,4.38,6.62,2.29,False
2,v2_3_bcc4,v1_3_beba,conv-091f46ee,evasive,7.28,0.0,0.62,0.43,True,0.89,0.71,True,0.88,0.57,True,4.38,5.50,3.57,False
2,v2_3_bcc4,v1_3_beba,conv-978e6e00,confused,6.59,1.0,0.50,0.43,True,0.44,0.29,True,0.88,0.71,True,4.38,5.50,3.57,False
2,v2_3_bcc4,v1_3_beba,conv-4570f42d,distressed,7.78,1.0,0.88,0.57,True,0.44,0.71,True,0.88,0.57,True,8.88,8.88,3.57,False
2,v2_3_bcc4,v1_3_beba,conv-558cf0b3,cooperative,6.2,1.0,0.75,0.86,True,0.78,0.43,True,0.00,0.00,True,6.62,1.00,4.86,False
2,v2_3_bcc4,v1_3_beba,conv-b16e8ede,combative,6.05,0.0,0.50,0.14,True,0.56,0.43,True,0.50,0.43,True,4.38,6.62,2.29,False
2,v2_3_bcc4,v1_3_beba,conv-e23e0cd3,evasive,7.17,0.0,0.62,0.43,True,0.78,0.57,True,0.88,0.57,True,4.38,6.62,3.57,False
2,v2_3_bcc4,v1_3_beba,conv-ff914792,cooperative,6.44,1.0,1.00,0.71,True,0.89,0.57,True,0.00,0.00,True,5.50,1.00,4.86,False
2,v2_3_bcc4,v1_3_beba,conv-f0d770a0,combative,3.79,0.0,0.50,0.14,False,0.56,0.43,True,0.62,0.43,True,3.25,4.38,3.57,False
2,v2_3_bcc4,v1_3_beba,conv-93f036cd,evasive,7.06,0.0,0.50,0.43,True,0.78,0.57,True,0.88,0.43,True,5.50,6.62,3.57,False
2,v2_3_bcc4,v1_3_beba,conv-3ac7eadf,confused,6.74,0.0,0.62,0.43,True,0.67,0.71,True,0.50,0.43,True,4.38,6.62,3.57,False
2,v2_3_bcc4,v1_3_beba,conv-da6ed69a,distressed,7.86,1.0,0.75,0.57,True,0.44,0.71,True,1.00,0.71,True,8.88,8.88,3.57,False
2,v2_3_bcc4,v1_3_beba,conv-10efa194,cooperative,7.67,1.0,1.00,0.14,True,0.89,0.57,True,0.75,0.71,True,6.62,7.75,3.57,False
2,v2_3_bcc4,v1_3_beba,conv-296bfc73,combative,6.36,1.0,0.62,0.14,True,0.44,0.14,True,0.88,0.43,True,4.38,6.62,3.57,False
2,v2_3_bcc4,v1_3_beba,conv-a49502d8,evasive,7.18,0.0,0.62,0.43,True,0.78,0.71,True,0.88,0.57,True,4.38,5.50,3.57,False
2,v2_3_bcc4,v1_3_beba,conv-5ac43195,confused,5.28,1.0,0.50,0.14,True,0.67,0.71,True,0.00,0.00,True,5.50,1.00,2.29,False
2,v2_3_bcc4,v1_3_beba,conv-d6b4b9d4,distressed,7.77,1.0,0.75,0.43,True,0.78,0.71,True,0.75,0.71,True,8.88,7.75,3.57,False
2,v2_3_bcc4,v1_3_beba,conv-ee7ee13c,cooperative,8.46,1.0,1.00,0.57,True,0.89,0.86,True,0.88,0.86,True,7.75,8.88,3.57,False
2,v2_3_bcc4,v1_3_beba,conv-c0d61189,combative,6.41,1.0,0.50,0.14,True,0.56,0.71,True,0.75,0.43,True,4.38,4.38,3.57,False
2,v2_3_bcc4,v1_3_beba,conv-e6ded69a,evasive,7.19,0.0,0.62,0.43,True,0.89,0.71,True,0.88,0.57,True,2.12,6.62,3.57,False
2,v2_3_bcc4,v1_3_beba,conv-fd91244f,confused,6.91,1.0,0.50,0.43,True,0.67,0.71,True,0.62,0.57,True,5.50,6.62,3.57,False
2,v2_3_bcc4,v1_3_beba,conv-d04b9d0e,distressed,7.46,1.0,0.50,0.29,True,0.78,0.71,True,0.75,0.57,True,8.88,8.88,3.57,False
2,v2_1_c197,v1_3_beba,conv-a8cc7e0d,cooperative,7.83,1.0,0.88,0.57,True,0.78,0.71,True,0.88,0.71,True,5.50,7.75,3.57,False
2,v2_1_c197,v1_3_beba,conv-16ed8d57,combative,5.97,0.0,0.50,0.14,True,0.44,0.14,True,0.75,0.43,True,3.25,5.50,3.57,False
2,v2_1_c197,v1_3_beba,conv-cf3d8597,cooperative,8.19,1.0,1.00,0.86,True,0.78,0.57,True,0.88,0.86,True,6.62,7.75,3.57,False
2,v2_1_c197,v1_3_beba,conv-2b756ae9,combative,4.25,0.0,0.50,0.43,False,0.56,0.71,True,0.75,0.29,True,3.25,5.50,3.57,False
2,v2_1_c197,v1_3_beba,conv-12422eb9,evasive,7.11,0.0,0.62,0.43,True,0.56,0.71,True,0.75,0.29,True,7.75,7.75,3.57,False
2,v2_1_c197,v1_3_beba,conv-a5700778,confused,7.05,1.0,0.62,0.43,True,0.67,0.71,True,0.75,0.57,True,4.38,6.62,3.57,False
2,v2_1_c197,v1_3_beba,conv-8578d0f6,distressed,8.24,1.0,0.75,0.57,True,0.89,0.86,True,0.88,0.71,True,8.88,8.88,3.57,False
2,v2_1_c197,v1_3_beba,conv-c696a695,cooperative,8.08,1.0,0.88,0.71,True,0.78,0.86,True,0.88,0.71,True,6.62,7.75,3.57,False
2,v2_1_c197,v1_3_beba,conv-95ad25ae,combative,3.79,0.0,0.50,0.14,True,0.00,0.00,True,0.00,0.00,True,1.00,1.00,1.00,False
2,v2_1_c197,v1_3_beba,conv-73c51dd4,evasive,7.32,0.0,0.50,0.43,True,0.78,0.71,True,0.88,0.57,True,4.38,8.88,3.57,False
2,v2_1_c197,v1_3_beba,conv-0b16be19,cooperative,8.12,1.0,1.00,0.71,True,0.89,0.57,True,0.88,0.71,True,6.62,7.75,3.57,False
2,v2_1_c197,v1_3_beba,conv-444d86e1,combative,4.55,0.0,0.62,0.14,True,0.56,0.57,False,0.88,0.43,True,5.50,6.62,3.57,False
2,v2_1_c197,v1_3_beba,conv-4b9c88a1,evasive,5.65,1.0,0.62,0.43,True,0.67,0.71,True,0.00,0.00,True,6.62,1.00,2.29,False
2,v2_1_c197,v1_3_beba,conv-89a8e9d7,confused,7.55,1.0,0.62,0.71,True,0.44,0.57,True,0.88,0.57,True,8.88,8.88,3.57,False
2,v2_1_c197,v1_3_beba,conv-30fdadb5,distressed,7.87,1.0,0.75,0.29,True,0.67,0.86,True,0.88,0.71,True,8.88,8.88,3.57,False
2,v2_1_c197,v1_3_beba,conv-8a3df830,cooperative,8.35,1.0,1.00,0.57,True,1.00,0.86,True,0.88,0.57,True,6.62,7.75,4.86,False
2,v2_1_c197,v1_3_beba,conv-34b95985,combative,6.85,0.0,0.50,0.14,True,0.67,0.43,True,0.75,0.71,True,5.50,7.75,3.57,False
2,v2_1_c197,v1_3_beba,conv-8038dbdb,evasive,7.24,0.0,0.62,0.43,True,0.67,0.71,True,0.88,0.43,True,6.62,6.62,3.57,False
2,v2_1_c197,v1_3_beba,conv-43ef50f6,confused,6.95,1.0,0.50,0.29,True,0.56,0.71,True,0.50,0.57,True,7.75,8.88,3.57,False
2,v2_1_c197,v1_3_beba,conv-bc27f0ec,distressed,8.17,1.0,0.88,0.86,True,0.78,0.71,True,0.88,0.86,True,7.75,6.62,3.57,False
2,v2_1_c197,v1_3_beba,conv-9b1f2a33,cooperative,8.01,1.0,1.00,0.86,True,0.89,0.57,True,0.75,0.29,True,7.75,8.88,3.57,False
2,v2_1_c197,v1_3_beba,conv-1d3ea5c7,combative,4.74,0.0,0.62,0.14,True,0.56,0.29,True,0.00,0.00,True,3.25,1.00,1.00,False
2,v2_1_c197,v1_3_beba,conv-11a67df3,evasive,7.06,0.0,0.62,0.43,True,0.78,0.57,True,0.75,0.57,True,4.38,6.62,3.57,False
2,v2_1_c197,v1_3_beba,conv-8eabccd1,confused,7.01,0.0,0.38,0.43,True,0.56,0.71,True,0.88,0.71,True,4.38,7.75,3.57,False
2,v2_1_c197,v1_3_beba,conv-0e4a573b,distressed,8.05,1.0,0.75,0.71,True,0.78,0.57,True,0.88,0.71,True,8.88,8.88,3.57,False
2,v2_2_f5ed,v0_1_f082,conv-f64bf766,cooperative,7.89,1.0,1.00,0.29,True,0.78,0.43,True,0.88,0.71,True,6.62,8.88,4.86,False
2,v2_2_f5ed,v0_1_f082,conv-d6d61aee,combative,6.51,0.0,0.62,0.14,True,0.67,0.57,True,0.62,0.29,True,5.50,5.50,3.57,False
2,v2_2_f5ed,v0_1_f082,conv-a7c5ae74,cooperative,8.21,1.0,1.00,0.71,True,0.89,0.86,True,0.88,0.57,True,6.62,7.75,3.57,False
2,v2_2_f5ed,v0_1_f082,conv-f922bce2,combative,6.58,1.0,0.50,0.14,True,0.56,0.57,True,0.75,0.43,True,5.50,6.62,3.57,False
2,v2_2_f5ed,v0_1_f082,conv-f0e8bbdc,evasive,6.85,0.0,0.50,0.43,True,0.67,0.71,True,0.75,0.43,True,5.50,5.50,3.57,False
2,v2_2_f5ed,v0_1_f082,conv-87856f6c,confused,7.08,1.0,0.38,0.57,True,0.67,0.71,True,0.75,0.57,True,5.50,7.75,3.57,False
2,v2_2_f5ed,v0_1_f082,conv-75f5a7a6,distressed,7.58,1.0,0.75,0.43,True,0.44,0.71,True,0.88,0.86,True,7.75,7.75,3.57,False
2,v2_2_f5ed,v0_1_f082,conv-ed0df756,cooperative,8.22,1.0,0.88,0.43,True,1.00,0.71,True,1.00,0.57,True,7.75,8.88,3.57,False
2,v2_2_f5ed,v0_1_f082,conv-65269006,combative,4.3,0.0,0.50,0.14,False,0.56,0.71,True,0.62,0.29,True,5.50,7.75,3.57,False
2,v2_2_f5ed,v0_1_f082,conv-2109d449,evasive,5.75,1.0,0.62,0.43,True,0.78,0.71,True,0.00,0.00,True,6.62,1.00,2.29,False
2,v2_2_f5ed,v0_1_f082,conv-7a13afba,cooperative,8.04,1.0,0.88,1.00,True,0.67,0.71,True,0.75,0.71,True,7.75,7.75,3.57,False
2,v2_2_f5ed,v0_1_f082,conv-68a8f440,combative,6.87,0.0,0.50,0.29,True,0.67,0.43,True,0.88,0.43,True,6.62,6.62,3.57,False
2,v2_2_f5ed,v0_1_f082,conv-206d4477,evasive,7.19,0.0,0.62,0.43,True,0.89,0.71,True,0.88,0.57,True,4.38,4.38,3.57,False
2,v2_2_f5ed,v0_1_f082,conv-b742f90b,confused,7.13,1.0,0.50,0.57,True,0.67,0.57,True,0.88,0.57,True,4.38,7.75,3.57,False
2,v2_2_f5ed,v0_1_f082,conv-66fa02ce,distressed,8.35,1.0,0.75,0.71,True,0.78,0.86,True,0.88,0.71,True,8.88,8.88,4.86,False
2,v2_2_f5ed,v0_1_f082,conv-d2c9693a,cooperative,6.4,1.0,1.00,0.43,True,0.89,0.71,True,0.00,0.00,True,7.75,1.00,3.57,False
2,v2_2_f5ed,v0_1_f082,conv-b72c059e,combative,6.78,0.0,0.50,0.14,True,0.56,0.57,True,0.88,0.71,True,4.38,6.62,3.57,False
2,v2_2_f5ed,v0_1_f082,conv-4bae207e,evasive,7.44,0.0,0.62,0.43,True,0.89,0.86,True,0.88,0.29,True,7.75,5.50,3.57,False
2,v2_2_f5ed,v0_1_f082,conv-87f31ff3,confused,7.13,1.0,0.50,0.43,True,0.67,0.71,True,0.88,0.57,True,6.62,5.50,3.57,False
2,v2_2_f5ed,v0_1_f082,conv-9e43f080,distressed,8.42,1.0,0.88,0.57,True,0.78,0.71,True,0.88,0.71,True,8.88,8.88,6.14,False
2,v2_2_f5ed,v0_1_f082,conv-d9b27e26,cooperative,7.64,1.0,0.88,0.14,True,0.89,0.71,True,0.75,0.43,True,8.88,7.75,3.57,False
2,v2_2_f5ed,v0_1_f082,conv-8d244a8a,combative,7.04,0.0,0.50,0.14,True,0.67,0.71,True,0.88,0.43,True,7.75,6.62,3.57,False
2,v2_2_f5ed,v0_1_f082,conv-67cd13ac,evasive,6.95,1.0,0.62,0.43,True,0.56,0.71,True,0.75,0.57,True,6.62,4.38,3.57,False
2,v2_2_f5ed,v0_1_f082,conv-ab408e8d,confused,7.26,0.0,0.50,0.57,True,0.56,0.71,True,0.75,0.71,True,7.75,6.62,3.57,False
2,v2_2_f5ed,v0_1_f082,conv-1eca9e95,distressed,7.6,1.0,0.75,0.43,True,0.78,0.71,True,0.75,0.57,True,6.62,8.88,3.57,False
3,v3_2_4d6c,v1_2_3412,conv-0f1aa131,cooperative,5.25,1.0,0.88,0.43,True,0.67,0.57,False,1.00,0.57,True,5.50,6.62,3.57,False
3,v3_2_4d6c,v1_2_3412,conv-95e75302,combative,7.12,0.0,0.50,0.29,True,0.56,0.71,True,0.88,0.71,True,6.62,6.62,3.57,False
3,v3_3_f7d2,v2_1_c197,conv-490f4c75,cooperative,8.3,1.0,1.00,0.86,True,0.89,0.86,True,0.88,0.71,True,5.50,7.75,3.57,False
3,v3_3_f7d2,v2_1_c197,conv-55b42ebd,combative,4.53,0.0,0.62,0.29,False,0.56,0.57,True,0.75,0.43,True,5.50,6.62,3.57,False
3,v3_0_7208,v2_1_c197,conv-e500901d,cooperative,8.08,1.0,1.00,0.71,True,1.00,0.71,True,0.62,0.57,True,6.62,8.88,3.57,False
3,v3_0_7208,v2_1_c197,conv-0d47f29e,combative,6.6,0.0,0.50,0.14,True,0.56,0.43,True,0.88,0.43,True,5.50,6.62,3.57,False
3,v3_0_7208,v2_1_c197,conv-0341ea0b,cooperative,7.91,1.0,1.00,0.86,True,0.78,0.71,True,0.75,0.43,True,6.62,7.75,3.57,False
3,v3_0_7208,v2_1_c197,conv-0eb9620d,combative,6.51,1.0,0.50,0.14,True,0.67,0.57,True,0.75,0.43,True,3.25,6.62,3.57,False
3,v3_0_7208,v2_1_c197,conv-bf07fef6,evasive,6.98,0.0,0.62,0.43,True,0.78,0.71,True,0.75,0.57,True,3.25,5.50,3.57,False
3,v3_0_7208,v2_1_c197,conv-51576358,confused,7.7,1.0,0.75,0.43,True,0.67,0.71,True,0.88,0.57,True,7.75,8.88,3.57,False
3,v3_0_7208,v2_1_c197,conv-960be977,distressed,8.25,1.0,0.88,0.71,True,0.78,0.71,True,0.88,0.71,True,8.88,8.88,3.57,False
3,v3_0_7208,v2_1_c197,conv-bfff6d20,cooperative,7.08,0.0,0.62,0.43,True,0.67,0.57,True,0.88,0.71,True,5.50,4.38,3.57,False
3,v3_0_7208,v2_1_c197,conv-4962d564,combative,6.58,1.0,0.62,0.29,True,0.56,0.71,True,0.62,0.43,True,3.25,6.62,3.57,False
3,v3_0_7208,v2_1_c197,conv-30609ede,evasive,7.26,1.0,0.62,0.43,True,0.56,0.71,True,1.00,0.57,True,5.50,6.62,3.57,False
3,v3_0_7208,v2_1_c197,conv-ab5c8a10,cooperative,8.4,1.0,1.00,0.86,True,1.00,0.86,True,0.88,0.71,True,6.62,6.62,3.57,False
3,v3_0_7208,v2_1_c197,conv-1cc94f42,combative,6.45,0.0,0.50,0.43,True,0.56,0.43,True,0.75,0.29,True,3.25,5.50,4.86,False
3,v3_0_7208,v2_1_c197,conv-e7ec0405,evasive,7.08,0.0,0.62,0.43,True,0.67,0.71,True,0.88,0.57,True,4.38,5.50,3.57,False
3,v3_0_7208,v2_1_c197,conv-1d5d0060,confused,7.1,0.0,0.62,0.29,True,0.67,0.71,True,0.62,0.57,True,5.50,8.88,3.57,False
3,v3_0_7208,v2_1_c197,conv-3ef59b0e,distressed,8.22,1.0,0.88,0.86,True,0.78,0.86,True,0.75,0.71,True,8.88,7.75,3.57,False
3,v3_0_7208,v2_1_c197,conv-fdd681a1,cooperative,7.6,0.0,0.62,0.43,True,0.78,0.71,True,0.88,0.71,True,6.62,7.75,3.57,False
3,v3_0_7208,v2_1_c197,conv-d3e36496,combative,6.35,1.0,0.62,0.29,True,0.56,0.14,True,0.75,0.43,True,4.38,5.50,3.57,False
3,v3_0_7208,v2_1_c197,conv-00cb39a2,evasive,7.02,0.0,0.62,0.43,True,0.56,0.71,True,0.88,0.57,True,4.38,4.38,4.86,False
3,v3_0_7208,v2_1_c197,conv-3ad502a4,confused,7.03,0.0,0.50,0.14,True,0.56,0.71,True,0.88,0.71,True,7.75,5.50,3.57,False
3,v3_0_7208,v2_1_c197,conv-c8834e8f,distressed,7.94,1.0,0.75,0.57,True,0.78,0.86,True,0.75,0.86,True,7.75,7.75,3.57,False
3,v3_0_7208,v2_1_c197,conv-30c193c0,cooperative,8.24,0.0,1.00,0.71,True,0.89,0.71,True,1.00,0.57,True,6.62,7.75,3.57,False
3,v3_0_7208,v2_1_c197,conv-cd780d79,combative,6.53,0.0,0.50,0.14,True,0.67,0.14,True,0.88,0.57,True,4.38,6.62,3.57,False
3,v3_0_7208,v2_1_c197,conv-46aa82ee,evasive,6.99,0.0,0.62,0.43,True,0.67,0.71,True,0.88,0.43,True,5.50,4.38,3.57,False
3,v3_0_7208,v2_1_c197,conv-3e13a80e,confused,6.85,1.0,0.50,0.43,True,0.67,0.71,True,0.75,0.29,True,6.62,5.50,3.57,False
3,v3_0_7208,v2_1_c197,conv-1c72fe55,distressed,8.08,1.0,0.88,0.57,True,0.78,0.86,True,0.88,0.71,True,7.75,7.75,3.57,False
4,v4_1_1717,v2_3_bcc4,conv-06fd194a,cooperative,7.63,0.0,1.00,0.71,True,1.00,0.71,True,0.50,0.29,True,5.50,7.75,3.57,False
4,v4_1_1717,v2_3_bcc4,conv-e45980e6,combative,6.38,0.0,0.50,0.43,True,0.44,0.14,True,0.88,0.43,True,5.50,6.62,2.29,False
4,v4_1_1717,v2_3_bcc4,conv-95d09411,cooperative,8.21,1.0,0.88,0.86,True,0.89,0.71,True,1.00,0.57,True,6.62,7.75,3.57,False
4,v4_1_1717,v2_3_bcc4,conv-2e625865,combative,6.58,0.0,0.62,0.43,True,0.56,0.29,True,1.00,0.43,True,3.25,4.38,3.57,False
4,v4_1_1717,v2_3_bcc4,conv-33dd6ebe,evasive,7.53,0.0,0.62,0.43,True,0.89,0.71,True,0.88,0.43,True,7.75,6.62,3.57,False
4,v4_1_1717,v2_3_bcc4,conv-74f06d0f,confused,4.6,0.0,0.50,0.43,True,0.67,0.71,True,0.75,0.57,False,4.38,5.50,3.57,False
4,v4_1_1717,v2_3_bcc4,conv-990e3bbd,distressed,7.92,1.0,0.75,0.43,True,0.67,0.86,True,0.75,0.86,True,8.88,8.88,3.57,False
4,v4_1_1717,v2_3_bcc4,conv-5d0e7e53,cooperative,8.14,1.0,0.88,0.71,True,0.78,0.86,True,0.75,0.71,True,7.75,8.88,3.57,False
4,v4_1_1717,v2_3_bcc4,conv-a0813b90,combative,4.51,0.0,0.50,0.29,True,0.67,0.71,False,0.75,0.43,True,4.38,6.62,3.57,False
4,v4_1_1717,v2_3_bcc4,conv-02e43e62,evasive,6.68,0.0,0.50,0.14,True,0.89,0.71,True,0.62,0.57,True,4.38,4.38,3.57,False
4,v4_1_1717,v2_3_bcc4,conv-6a70aa89,cooperative,8.54,1.0,0.88,0.71,True,1.00,1.00,True,0.88,0.86,True,7.75,7.75,3.57,False
4,v4_1_1717,v2_3_bcc4,conv-a4d48e8f,combative,3.61,0.0,0.50,0.14,True,0.44,0.57,False,0.62,0.29,True,3.25,3.25,3.57,False
4,v4_1_1717,v2_3_bcc4,conv-8cb692bf,evasive,7.54,0.0,0.62,0.43,True,0.78,0.71,True,1.00,0.57,True,5.50,7.75,3.57,False
4,v4_1_1717,v2_3_bcc4,conv-bbf62b27,confused,4.19,1.0,0.50,0.43,True,0.56,0.71,True,0.50,0.29,False,4.38,6.62,3.57,False
4,v4_1_1717,v2_3_bcc4,conv-d5778e13,distressed,8.01,1.0,0.75,0.71,True,0.44,0.71,True,0.88,0.86,True,8.88,10.00,3.57,False
4,v4_1_1717,v2_3_bcc4,conv-386b1f11,cooperative,6.97,1.0,1.00,0.71,True,1.00,0.86,True,0.00,0.00,True,5.50,1.00,7.43,False
4,v4_1_1717,v2_3_bcc4,conv-29575887,combative,6.63,0.0,0.50,0.14,True,0.56,0.43,True,1.00,0.57,True,4.38,5.50,3.57,False
4,v4_1_1717,v2_3_bcc4,conv-30039d89,evasive,4.72,0.0,0.38,0.43,False,0.89,0.71,True,0.88,0.57,True,4.38,4.38,3.57,False
4,v4_1_1717,v2_3_bcc4,conv-2e789336,confused,6.86,1.0,0.62,0.29,True,0.33,0.71,True,0.88,0.71,True,5.50,5.50,3.57,False
4,v4_1_1717,v2_3_bcc4,conv-3697727b,distressed,8.12,1.0,0.88,0.43,True,0.78,0.71,True,0.88,0.86,True,8.88,6.62,4.86,False
4,v4_1_1717,v2_3_bcc4,conv-279b73ca,cooperative,7.44,1.0,0.88,0.57,True,0.89,0.71,True,0.62,0.14,True,7.75,6.62,3.57,False
4,v4_1_1717,v2_3_bcc4,conv-35332f62,combative,6.32,0.0,0.62,0.43,True,0.56,0.43,True,0.62,0.14,True,4.38,5.50,3.57,False
4,v4_1_1717,v2_3_bcc4,conv-27bdff40,evasive,7.26,0.0,0.62,0.43,True,0.78,0.71,True,0.88,0.57,True,4.38,6.62,3.57,False
4,v4_1_1717,v2_3_bcc4,conv-9e9a329a,confused,6.49,0.0,0.50,0.29,True,0.33,0.71,True,0.88,0.57,True,3.25,5.50,3.57,False
4,v4_1_1717,v2_3_bcc4,conv-afb5456b,distressed,8.01,1.0,0.88,0.86,True,0.67,0.86,True,0.62,0.71,True,7.75,8.88,3.57,False
4,v4_3_7488,v3_0_7208,conv-7357d277,cooperative,8.04,1.0,0.75,0.57,True,0.89,0.86,True,0.75,0.86,True,7.75,7.75,3.57,False
4,v4_3_7488,v3_0_7208,conv-526e1af0,combative,6.64,0.0,0.38,0.14,True,0.56,0.71,True,0.75,0.57,True,6.62,5.50,3.57,False
4,v4_3_7488,v3_0_7208,conv-7291f7b4,cooperative,6.59,1.0,0.88,0.57,True,0.89,1.00,True,0.00,0.00,True,6.62,1.00,4.86,False
4,v4_3_7488,v3_0_7208,conv-87741d71,combative,3.97,0.0,0.50,0.14,False,0.11,0.86,True,0.75,0.57,True,6.62,4.38,2.29,False
4,v4_3_7488,v3_0_7208,conv-ee1ab453,evasive,7.06,1.0,0.50,0.43,True,0.78,0.71,True,0.88,0.57,True,3.25,6.62,3.57,False
4,v4_3_7488,v3_0_7208,conv-f59b33bf,confused,6.91,0.0,0.38,0.43,True,0.67,0.71,True,0.75,0.57,True,5.50,6.62,3.57,False
4,v4_3_7488,v3_0_7208,conv-ff8b0586,distressed,7.55,1.0,0.62,0.43,True,0.44,0.86,True,0.88,0.71,True,8.88,7.75,3.57,False
4,v4_3_7488,v3_0_7208,conv-738c664e,cooperative,7.6,1.0,0.62,0.71,True,0.78,0.29,True,0.88,0.86,True,6.62,7.75,3.57,False
4,v4_3_7488,v3_0_7208,conv-8a97bf86,combative,6.42,0.0,0.38,0.43,True,0.67,0.29,True,0.88,0.29,True,3.25,6.62,3.57,False
4,v4_3_7488,v3_0_7208,conv-7ef53db8,evasive,6.94,0.0,0.50,0.43,True,0.67,0.71,True,0.75,0.57,True,5.50,5.50,3.57,False
4,v4_3_7488,v3_0_7208,conv-ab2bff6d,cooperative,8.13,1.0,0.75,0.57,True,0.78,0.71,True,0.88,0.57,True,10.00,10.00,3.57,False
4,v4_3_7488,v3_0_7208,conv-a36f13e3,combative,6.08,0.0,0.38,0.14,True,0.44,0.43,True,0.62,0.29,True,4.38,7.75,3.57,False
4,v4_3_7488,v3_0_7208,conv-4122b6c2,evasive,6.95,0.0,0.50,0.43,True,0.78,0.57,True,0.75,0.57,True,4.38,6.62,3.57,False
4,v4_3_7488,v3_0_7208,conv-6b284692,confused,7.23,1.0,0.50,0.43,True,0.78,0.71,True,0.88,0.43,True,6.62,6.62,3.57,False
4,v4_3_7488,v3_0_7208,conv-c4877f1e,distressed,7.58,1.0,0.75,0.43,True,0.44,0.71,True,0.88,0.71,True,8.88,7.75,3.57,False
4,v4_3_7488,v3_0_7208,conv-a82eb2cb,cooperative,7.62,1.0,0.88,0.57,True,0.78,0.71,True,0.75,0.29,True,7.75,7.75,3.57,False
4,v4_3_7488,v3_0_7208,conv-bfd9980c,combative,5.84,0.0,0.38,0.14,True,0.56,0.14,True,0.62,0.43,True,3.25,5.50,3.57,False
4,v4_3_7488,v3_0_7208,conv-fb85993e,evasive,7.06,0.0,0.50,0.43,True,0.78,0.71,True,0.88,0.43,True,4.38,6.62,3.57,False
4,v4_3_7488,v3_0_7208,conv-fd331b3c,confused,6.9,1.0,0.50,0.29,True,0.67,0.71,True,0.62,0.43,True,7.75,6.62,3.57,False
4,v4_3_7488,v3_0_7208,conv-4b2920bf,distressed,7.66,1.0,0.62,0.43,True,0.78,0.86,True,0.75,0.71,True,7.75,7.75,3.57,False
4,v4_3_7488,v3_0_7208,conv-b9eba2c5,cooperative,7.61,1.0,0.75,0.57,True,0.67,0.71,True,0.88,0.43,True,7.75,7.75,3.57,False
4,v4_3_7488,v3_0_7208,conv-65279fc5,combative,4.58,0.0,0.38,0.43,False,0.56,0.43,True,0.88,0.57,True,6.62,6.62,3.57,False
4,v4_3_7488,v3_0_7208,conv-ce21afa8,evasive,6.72,1.0,0.50,0.29,True,0.78,0.57,True,0.88,0.43,True,4.38,4.38,3.57,False
4,v4_3_7488,v3_0_7208,conv-fa23dcbe,confused,7.08,1.0,0.38,0.43,True,0.67,0.71,True,0.75,0.71,True,5.50,7.75,3.57,False
4,v4_3_7488,v3_0_7208,conv-c76b6fd8,distressed,7.47,1.0,0.62,0.43,True,0.44,0.71,True,0.88,0.86,True,7.75,7.75,3.57,False
4,v4_0_9cbd,v2_3_bcc4,conv-6b1524ed,cooperative,7.82,1.0,1.00,0.57,True,0.56,0.57,True,0.88,0.71,True,6.62,8.88,3.57,False
4,v4_0_9cbd,v2_3_bcc4,conv-23ddd600,combative,6.36,0.0,0.50,0.14,True,0.67,0.29,True,0.88,0.29,True,6.62,3.25,3.57,False
4,v4_0_9cbd,v2_3_bcc4,conv-06f99b37,cooperative,7.07,0.0,0.62,0.14,True,0.67,0.57,True,0.88,0.71,True,4.38,7.75,3.57,False
4,v4_0_9cbd,v2_3_bcc4,conv-a64eb4a1,combative,6.69,0.0,0.50,0.29,True,0.56,0.43,True,0.88,0.57,True,5.50,5.50,3.57,False
4,v4_0_9cbd,v2_3_bcc4,conv-67c75d3e,evasive,7.08,0.0,0.50,0.29,True,0.89,0.71,True,0.88,0.43,True,4.38,6.62,3.57,False
4,v4_0_9cbd,v2_3_bcc4,conv-41f8f7f5,confused,6.89,1.0,0.50,0.43,True,0.33,0.71,True,0.75,0.43,True,7.75,7.75,3.57,False
4,v4_0_9cbd,v2_3_bcc4,conv-0c1fd6ac,distressed,8.16,1.0,0.88,0.43,True,0.78,0.86,True,0.88,0.71,True,8.88,8.88,3.57,False
4,v4_0_9cbd,v2_3_bcc4,conv-bc13cb97,cooperative,8.17,1.0,1.00,0.86,True,0.78,0.86,True,0.75,0.57,True,6.62,8.88,3.57,False
4,v4_0_9cbd,v2_3_bcc4,conv-721ff2c5,combative,4.16,0.0,0.62,0.29,False,0.56,0.43,True,0.62,0.43,True,4.38,5.50,3.57,False
4,v4_0_9cbd,v2_3_bcc4,conv-4946eb17,evasive,6.84,0.0,0.50,0.43,True,0.78,0.71,True,0.62,0.57,True,5.50,4.38,3.57,False
4,v4_0_9cbd,v2_3_bcc4,conv-e09054eb,cooperative,6.04,1.0,1.00,0.14,True,0.78,0.71,True,0.00,0.00,True,6.62,1.00,3.57,False
4,v4_0_9cbd,v2_3_bcc4,conv-9dca67d6,combative,6.57,0.0,0.50,0.43,True,0.56,0.14,True,0.75,0.29,True,5.50,8.88,3.57,False
4,v4_0_9cbd,v2_3_bcc4,conv-321f535f,evasive,7.25,0.0,0.62,0.43,True,0.67,0.71,True,0.88,0.57,True,5.50,6.62,3.57,False
4,v4_0_9cbd,v2_3_bcc4,conv-46e6defb,confused,5.5,1.0,0.50,0.43,True,0.67,0.71,True,0.00,0.00,True,4.38,1.00,3.57,False
4,v4_0_9cbd,v2_3_bcc4,conv-fee76828,distressed,7.78,1.0,0.62,0.14,True,0.89,0.86,True,0.88,0.57,True,8.88,8.88,3.57,False
4,v4_0_9cbd,v2_3_bcc4,conv-038b5944,cooperative,6.61,1.0,1.00,0.71,True,0.89,0.71,True,0.00,0.00,True,6.62,1.00,4.86,False
4,v4_0_9cbd,v2_3_bcc4,conv-e32e8e78,combative,6.66,0.0,0.62,0.29,True,0.56,0.57,True,0.62,0.43,True,5.50,6.62,3.57,False
4,v4_0_9cbd,v2_3_bcc4,conv-ab9c798c,evasive,7.14,0.0,0.50,0.43,True,0.78,0.71,True,1.00,0.57,True,3.25,4.38,4.86,False
4,v4_0_9cbd,v2_3_bcc4,conv-11686098,confused,7.27,1.0,0.50,0.57,True,0.44,0.71,True,0.88,0.57,True,7.75,7.75,3.57,False
4,v4_0_9cbd,v2_3_bcc4,conv-22ea0ac6,distressed,8.03,1.0,0.88,0.86,True,0.44,0.71,True,0.88,0.71,True,8.88,8.88,3.57,False
4,v4_0_9cbd,v2_3_bcc4,conv-8d85fdff,cooperative,5.47,1.0,0.50,0.43,True,0.78,0.57,True,0.00,0.00,True,5.50,1.00,2.29,False
4,v4_0_9cbd,v2_3_bcc4,conv-23ece5c8,combative,5.19,0.0,0.50,0.29,True,0.67,0.43,True,0.00,0.00,True,5.50,1.00,2.29,False
4,v4_0_9cbd,v2_3_bcc4,conv-37721f9e,evasive,7.5,0.0,0.62,0.43,True,0.89,0.71,True,0.75,0.57,True,6.62,7.75,3.57,False
4,v4_0_9cbd,v2_3_bcc4,conv-6a6fd715,confused,6.82,1.0,0.50,0.43,True,0.67,0.71,True,0.62,0.43,True,4.38,7.75,3.57,False
4,v4_0_9cbd,v2_3_bcc4,conv-321ca77c,distressed,7.56,1.0,0.88,0.57,True,0.44,0.71,True,0.62,0.86,True,7.75,7.75,3.57,False
4,v4_2_1b85,v2_3_bcc4,conv-4dfb125f,cooperative,8.04,1.0,1.00,0.29,True,0.89,0.71,True,0.88,0.71,True,7.75,7.75,3.57,False
4,v4_2_1b85,v2_3_bcc4,conv-2070ebb3,combative,6.41,0.0,0.50,0.43,True,0.56,0.57,True,0.75,0.14,True,4.38,5.50,3.57,False
4,v4_2_1b85,v2_3_bcc4,conv-14172d39,cooperative,6.4,1.0,0.88,0.71,True,0.78,0.71,True,0.00,0.00,True,6.62,1.00,4.86,False
4,v4_2_1b85,v2_3_bcc4,conv-533efee7,combative,6.42,1.0,0.50,0.14,True,0.44,0.43,True,0.88,0.43,True,4.38,6.62,3.57,False
4,v4_2_1b85,v2_3_bcc4,conv-25a42aa7,evasive,7.1,0.0,0.62,0.43,True,0.67,0.57,True,1.00,0.57,True,4.38,5.50,3.57,False
4,v4_2_1b85,v2_3_bcc4,conv-1ce444de,confused,6.99,1.0,0.50,0.71,True,0.67,0.57,True,0.62,0.57,True,5.50,6.62,3.57,False
4,v4_2_1b85,v2_3_bcc4,conv-752957e1,distressed,8.25,1.0,0.88,0.71,True,0.78,0.71,True,0.88,0.86,True,7.75,8.88,3.57,False
4,v4_2_1b85,v2_3_bcc4,conv-c4ea6f87,cooperative,5.64,0.0,0.88,0.57,True,0.67,0.71,False,0.88,0.43,False,8.88,8.88,3.57,False
4,v4_2_1b85,v2_3_bcc4,conv-7d0c2d2a,combative,6.68,0.0,0.62,0.29,True,0.67,0.71,True,0.62,0.14,True,4.38,7.75,3.57,False
4,v4_2_1b85,v2_3_bcc4,conv-16b275c9,evasive,7.62,0.0,0.62,0.43,True,0.89,0.86,True,0.88,0.57,True,6.62,6.62,3.57,False
4,v4_2_1b85,v2_3_bcc4,conv-8a585424,cooperative,8.32,1.0,1.00,0.86,True,0.89,0.71,True,1.00,0.71,True,5.50,7.75,3.57,False
4,v4_2_1b85,v2_3_bcc4,conv-10ba2d2d,combative,6.51,0.0,0.50,0.14,True,0.44,0.71,True,0.88,0.57,True,3.25,5.50,3.57,False
4,v4_2_1b85,v2_3_bcc4,conv-4b4b44de,evasive,7.35,0.0,0.62,0.43,True,0.78,0.71,True,0.88,0.57,True,6.62,5.50,3.57,False
4,v4_2_1b85,v2_3_bcc4,conv-848478cd,confused,6.82,1.0,0.62,0.43,True,0.33,0.71,True,0.88,0.71,True,5.50,5.50,2.29,False
4,v4_2_1b85,v2_3_bcc4,conv-5a6e4956,distressed,7.9,1.0,0.75,0.43,True,0.78,0.86,True,0.75,0.71,True,7.75,7.75,4.86,False
4,v4_2_1b85,v2_3_bcc4,conv-e8994549,cooperative,6.59,1.0,0.88,0.57,True,0.89,0.86,True,0.00,0.00,True,7.75,1.00,4.86,False
4,v4_2_1b85,v2_3_bcc4,conv-336c69b7,combative,4.2,0.0,0.50,0.29,True,0.67,0.43,False,0.88,0.43,True,3.25,4.38,3.57,False
4,v4_2_1b85,v2_3_bcc4,conv-b8252de5,evasive,7.16,0.0,0.62,0.43,True,0.89,0.71,True,0.75,0.57,True,4.38,5.50,3.57,False
4,v4_2_1b85,v2_3_bcc4,conv-1a40254c,confused,6.94,1.0,0.62,0.57,True,0.67,0.57,True,0.62,0.71,True,3.25,6.62,3.57,False
4,v4_2_1b85,v2_3_bcc4,conv-31d766f3,distressed,8.16,1.0,0.88,0.57,True,0.78,0.71,True,0.88,0.86,True,8.88,7.75,3.57,False
4,v4_2_1b85,v2_3_bcc4,conv-be7cbd81,cooperative,6.61,1.0,1.00,0.71,True,0.89,0.71,True,0.00,0.00,True,6.62,1.00,4.86,False
4,v4_2_1b85,v2_3_bcc4,conv-c4e6bbfb,combative,3.9,0.0,0.62,0.14,False,0.56,0.43,True,0.62,0.29,True,3.25,5.50,3.57,False
4,v4_2_1b85,v2_3_bcc4,conv-37253488,evasive,4.67,0.0,0.50,0.43,True,0.78,0.71,True,1.00,0.43,False,3.25,4.38,3.57,False
4,v4_2_1b85,v2_3_bcc4,conv-3e33fc39,confused,7.03,0.0,0.50,0.29,True,0.56,0.71,True,0.88,0.57,True,5.50,7.75,3.57,False
4,v4_2_1b85,v2_3_bcc4,conv-cb178764,distressed,8.05,1.0,0.75,0.43,True,0.78,0.86,True,0.88,0.86,True,7.75,8.88,3.57,False
5,v5_3_0847,v4_1_1717,conv-1445a44b,cooperative,3.9,1.0,0.88,0.57,True,0.78,0.57,False,0.00,0.00,True,5.50,1.00,4.86,False
5,v5_3_0847,v4_1_1717,conv-a1737bbc,combative,5.93,0.0,0.62,0.14,True,0.56,0.57,True,0.38,0.14,True,3.25,5.50,3.57,False
5,v5_1_475c,v4_0_9cbd,conv-e4219787,cooperative,8.29,1.0,0.88,0.57,True,0.89,1.00,True,1.00,0.71,True,6.62,7.75,3.57,False
5,v5_1_475c,v4_0_9cbd,conv-2d0dcd28,combative,5.65,0.0,0.50,0.14,True,0.00,0.43,True,0.75,0.43,True,4.38,3.25,3.57,False
5,v5_1_475c,v4_0_9cbd,conv-424305a4,cooperative,4.99,1.0,0.62,0.43,True,0.22,0.57,True,0.00,0.00,True,4.38,1.00,2.29,False
5,v5_1_475c,v4_0_9cbd,conv-cd12e54f,combative,2.94,0.0,0.50,0.14,True,0.00,0.43,True,0.38,0.14,False,4.38,5.50,2.29,False
5,v5_1_475c,v4_0_9cbd,conv-2c3d1f4f,evasive,6.6,1.0,0.62,0.43,True,0.22,0.57,True,0.75,0.57,True,5.50,7.75,2.29,False
5,v5_1_475c,v4_0_9cbd,conv-fc8aec83,confused,5.75,1.0,0.62,0.43,True,0.00,0.29,True,0.50,0.71,True,4.38,4.38,2.29,False
5,v5_1_475c,v4_0_9cbd,conv-016cb8fe,distressed,7.92,1.0,0.75,0.71,True,0.44,0.71,True,0.88,0.71,True,8.88,10.00,3.57,False
5,v5_1_475c,v4_0_9cbd,conv-742313cc,cooperative,7.75,1.0,0.88,0.43,True,0.89,0.71,True,0.88,0.57,True,6.62,6.62,3.57,False
5,v5_1_475c,v4_0_9cbd,conv-b3b8d37b,combative,3.62,0.0,0.50,0.43,False,0.00,0.57,True,0.75,0.43,True,4.38,4.38,2.29,False
5,v5_1_475c,v4_0_9cbd,conv-4ed92578,evasive,4.69,1.0,0.50,0.29,True,0.11,0.43,True,0.00,0.00,True,5.50,1.00,2.29,False
5,v5_2_d583,v3_0_7208,conv-af39c90b,cooperative,7.72,1.0,0.75,0.43,True,0.56,0.43,True,0.88,0.86,True,7.75,8.88,4.86,False
5,v5_2_d583,v3_0_7208,conv-4398bfec,combative,6.62,0.0,0.62,0.29,True,0.67,0.29,True,0.75,0.43,True,4.38,6.62,3.57,False
5,v5_2_d583,v3_0_7208,conv-4e266867,cooperative,7.89,1.0,0.88,0.71,True,0.67,0.57,True,0.88,0.71,True,7.75,7.75,3.57,False
5,v5_2_d583,v3_0_7208,conv-6e76ff59,combative,6.1,0.0,0.50,0.14,True,0.56,0.29,True,0.50,0.43,True,5.50,5.50,3.57,False
5,v5_2_d583,v3_0_7208,conv-bb568128,evasive,7.2,0.0,0.62,0.43,True,0.67,0.71,True,0.88,0.43,True,5.50,5.50,4.86,False
5,v5_2_d583,v3_0_7208,conv-690d7ee8,confused,7.19,1.0,0.38,0.57,True,0.67,0.71,True,0.88,0.57,True,5.50,7.75,3.57,False
5,v5_2_d583,v3_0_7208,conv-389d2041,distressed,8.27,1.0,0.75,0.57,True,0.78,0.86,True,0.88,0.71,True,8.88,8.88,4.86,False
5,v5_2_d583,v3_0_7208,conv-b5b2464d,cooperative,7.07,1.0,0.75,0.43,True,0.67,0.43,True,0.75,0.14,True,6.62,8.88,3.57,False
5,v5_2_d583,v3_0_7208,conv-631d055f,combative,6.75,0.0,0.50,0.43,True,0.56,0.57,True,0.75,0.71,True,4.38,5.50,3.57,False
5,v5_2_d583,v3_0_7208,conv-a9efedd8,evasive,6.95,0.0,0.50,0.43,True,0.78,0.57,True,0.75,0.57,True,5.50,5.50,3.57,False
5,v5_2_d583,v3_0_7208,conv-7760a797,cooperative,4.07,1.0,0.88,0.43,True,0.78,0.71,False,0.00,0.00,True,7.75,1.00,4.86,False
5,v5_2_d583,v3_0_7208,conv-a47ec437,combative,4.09,0.0,0.50,0.43,True,0.00,0.00,True,0.00,0.00,True,1.00,1.00,2.29,False
5,v5_2_d583,v3_0_7208,conv-2e748b6f,evasive,7.41,1.0,0.62,0.43,True,0.67,0.71,True,0.88,0.57,True,6.62,7.75,3.57,False
5,v5_2_d583,v3_0_7208,conv-996d7fd2,confused,5.0,1.0,0.62,0.43,True,0.67,0.71,True,0.88,0.57,False,5.50,6.62,3.57,False
5,v5_2_d583,v3_0_7208,conv-38e8f7d6,distressed,7.71,1.0,0.62,0.71,True,0.33,0.86,True,0.88,0.71,True,8.88,8.88,3.57,False
5,v5_2_d583,v3_0_7208,conv-15d4ec30,cooperative,8.28,1.0,0.88,0.57,True,0.89,0.86,True,0.75,0.71,True,7.75,8.88,4.86,False
5,v5_2_d583,v3_0_7208,conv-946fa2b0,combative,3.79,0.0,0.50,0.29,False,0.56,0.43,True,0.25,0.29,True,5.50,6.62,3.57,False
5,v5_2_d583,v3_0_7208,conv-f54722a9,evasive,7.43,1.0,0.62,0.43,True,0.78,0.71,True,0.88,0.43,True,6.62,7.75,3.57,False
5,v5_2_d583,v3_0_7208,conv-ab877d13,confused,7.2,1.0,0.62,0.29,True,0.56,0.71,True,0.75,0.57,True,6.62,8.88,3.57,False
5,v5_2_d583,v3_0_7208,conv-87b49e5b,distressed,7.47,1.0,0.75,0.43,True,0.44,0.71,True,0.75,0.71,True,8.88,7.75,3.57,False
5,v5_2_d583,v3_0_7208,conv-4b9a5536,cooperative,7.88,1.0,0.88,0.43,True,0.56,0.57,True,0.88,0.86,True,7.75,10.00,3.57,False
5,v5_2_d583,v3_0_7208,conv-93a95c2c,combative,6.51,0.0,0.50,0.43,True,0.67,0.43,True,0.75,0.29,True,4.38,5.50,3.57,False
5,v5_2_d583,v3_0_7208,conv-66ebee79,evasive,4.54,0.0,0.50,0.43,True,0.67,0.57,True,0.88,0.57,False,3.25,5.50,3.57,False
5,v5_2_d583,v3_0_7208,conv-2886045f,confused,6.74,0.0,0.50,0.71,True,0.67,0.57,True,0.62,0.14,True,6.62,5.50,3.57,False
5,v5_2_d583,v3_0_7208,conv-4bf0b6df,distressed,7.65,1.0,0.88,0.43,True,0.33,0.71,True,0.75,0.86,True,8.88,8.88,3.57,False
5,v5_0_bc9f,v2_3_bcc4,conv-52330025,cooperative,7.92,1.0,0.88,0.57,True,0.89,0.71,True,0.88,0.57,True,6.62,7.75,3.57,False
5,v5_0_bc9f,v2_3_bcc4,conv-32b07a7e,combative,6.49,0.0,0.38,0.14,True,0.56,0.71,True,0.88,0.43,True,3.25,6.62,3.57,False
5,v5_0_bc9f,v2_3_bcc4,conv-60a199ac,cooperative,8.14,1.0,1.00,0.57,True,0.89,0.86,True,0.75,0.71,True,5.50,7.75,4.86,False
5,v5_0_bc9f,v2_3_bcc4,conv-d80c1c70,combative,6.31,0.0,0.50,0.14,True,0.67,0.43,True,0.62,0.29,True,4.38,6.62,3.57,False
5,v5_0_bc9f,v2_3_bcc4,conv-c9730b0d,evasive,7.6,0.0,0.62,0.43,True,0.78,0.71,True,0.88,0.57,True,7.75,7.75,3.57,False
5,v5_0_bc9f,v2_3_bcc4,conv-8b72eb60,confused,4.85,1.0,0.50,0.29,True,0.67,0.71,True,0.75,0.57,False,7.75,6.62,3.57,False
5,v5_0_bc9f,v2_3_bcc4,conv-d6f947da,distressed,8.17,1.0,0.88,0.86,True,0.78,0.86,True,0.88,0.71,True,6.62,7.75,3.57,False
5,v5_0_bc9f,v2_3_bcc4,conv-895e8ebd,cooperative,8.65,1.0,1.00,0.71,True,1.00,1.00,True,0.88,0.86,True,7.75,7.75,3.57,False
5,v5_0_bc9f,v2_3_bcc4,conv-dc1ec66b,combative,6.51,0.0,0.50,0.29,True,0.44,0.43,True,0.88,0.57,True,4.38,5.50,3.57,False
5,v5_0_bc9f,v2_3_bcc4,conv-2757106b,evasive,7.16,0.0,0.62,0.43,True,0.67,0.71,True,0.88,0.57,True,5.50,5.50,3.57,False
5,v5_0_bc9f,v2_3_bcc4,conv-ae43f370,cooperative,7.69,1.0,0.88,0.00,True,0.89,0.57,True,1.00,0.57,True,6.62,8.88,3.57,False
5,v5_0_bc9f,v2_3_bcc4,conv-4a6a51c5,combative,6.48,0.0,0.62,0.43,True,0.44,0.71,True,0.62,0.29,True,4.38,5.50,3.57,False
5,v5_0_bc9f,v2_3_bcc4,conv-bc1e23aa,evasive,7.42,0.0,0.50,0.43,True,0.89,0.71,True,0.88,0.57,True,5.50,7.75,3.57,False
5,v5_0_bc9f,v2_3_bcc4,conv-2887800c,confused,6.91,1.0,0.50,0.57,True,0.67,0.71,True,0.62,0.57,True,5.50,5.50,3.57,False
5,v5_0_bc9f,v2_3_bcc4,conv-94be91d7,distressed,8.04,1.0,0.75,0.57,True,0.67,0.71,True,0.88,0.71,True,8.88,10.00,3.57,False
5,v5_0_bc9f,v2_3_bcc4,conv-0b02650b,cooperative,6.4,1.0,1.00,0.71,True,0.89,0.57,True,0.00,0.00,True,6.62,1.00,3.57,False
5,v5_0_bc9f,v2_3_bcc4,conv-57b43082,combative,6.24,0.0,0.50,0.14,True,0.56,0.43,True,0.75,0.43,True,4.38,4.38,3.57,False
5,v5_0_bc9f,v2_3_bcc4,conv-32417c3e,evasive,7.34,0.0,0.62,0.43,True,0.78,0.71,True,0.88,0.43,True,6.62,6.62,3.57,False
5,v5_0_bc9f,v2_3_bcc4,conv-62164c6e,confused,6.76,1.0,0.62,0.43,True,0.44,0.57,True,0.75,0.57,True,5.50,5.50,3.57,False
5,v5_0_bc9f,v2_3_bcc4,conv-d06fbc73,distressed,8.34,1.0,0.88,0.71,True,0.78,0.86,True,0.88,0.86,True,7.75,8.88,3.57,False
5,v5_0_bc9f,v2_3_bcc4,conv-4cc0e113,cooperative,6.39,1.0,0.88,0.71,True,1.00,0.71,True,0.00,0.00,True,5.50,1.00,3.57,False
5,v5_0_bc9f,v2_3_bcc4,conv-d9481df0,combative,6.69,0.0,0.62,0.43,True,0.56,0.29,True,0.75,0.57,True,4.38,6.62,3.57,False
5,v5_0_bc9f,v2_3_bcc4,conv-9cae2aea,evasive,7.41,0.0,0.50,0.29,True,0.67,0.71,True,1.00,0.71,True,6.62,7.75,3.57,False
5,v5_0_bc9f,v2_3_bcc4,conv-cf0383b7,confused,6.68,1.0,0.62,0.29,True,0.44,0.57,True,0.75,0.57,True,4.38,6.62,3.57,False
5,v5_0_bc9f,v2_3_bcc4,conv-e5d2bc63,distressed,7.55,1.0,0.75,0.43,True,0.44,0.71,True,0.75,0.86,True,7.75,8.88,3.57,False
6,v6_3_823b,v5_1_475c,conv-c77c65a7,cooperative,8.05,1.0,1.00,0.57,True,0.78,0.71,True,1.00,0.57,True,6.62,7.75,3.57,False
6,v6_3_823b,v5_1_475c,conv-b0f60243,combative,3.8,0.0,0.38,0.43,True,0.00,0.29,True,0.75,0.71,False,5.50,5.50,3.57,False
6,v6_1_221d,v1_3_beba,conv-5728e93d,cooperative,8.02,1.0,0.88,0.14,True,1.00,0.86,True,0.88,0.71,True,7.75,7.75,3.57,False
6,v6_1_221d,v1_3_beba,conv-68260f47,combative,4.32,0.0,0.50,0.29,False,0.67,0.57,True,0.62,0.43,True,5.50,5.50,3.57,False
6,v6_0_8046,v1_3_beba,conv-78c99af8,cooperative,7.75,1.0,1.00,0.29,True,0.89,0.71,True,0.75,0.57,True,6.62,7.75,3.57,False
6,v6_0_8046,v1_3_beba,conv-ca651b99,combative,6.99,1.0,0.62,0.29,True,0.67,0.71,True,0.88,0.71,True,3.25,5.50,3.57,False
6,v6_0_8046,v1_3_beba,conv-c596aafc,cooperative,8.04,1.0,1.00,0.14,True,0.89,0.86,True,0.88,0.86,True,6.62,7.75,3.57,False
6,v6_0_8046,v1_3_beba,conv-acccfd79,combative,5.94,1.0,0.50,0.43,True,0.44,0.43,True,0.62,0.14,True,3.25,4.38,3.57,False
6,v6_0_8046,v1_3_beba,conv-4b5bc31e,evasive,7.32,0.0,0.50,0.43,True,0.78,0.71,True,0.88,0.71,True,6.62,5.50,3.57,False
6,v6_0_8046,v1_3_beba,conv-b8f3c143,confused,6.74,1.0,0.50,0.57,True,0.44,0.57,True,0.75,0.57,True,4.38,6.62,3.57,False
6,v6_0_8046,v1_3_beba,conv-cb25f6ef,distressed,7.88,1.0,0.88,0.43,True,0.78,0.71,True,0.75,0.71,True,8.88,7.75,3.57,False
6,v6_0_8046,v1_3_beba,conv-bfddcce5,cooperative,8.12,1.0,1.00,0.57,True,0.89,0.86,True,0.88,0.71,True,5.50,7.75,3.57,False
6,v6_0_8046,v1_3_beba,conv-0b48d98e,combative,5.15,0.0,0.50,0.14,True,0.67,0.43,True,0.00,0.00,True,4.38,1.00,3.57,False
6,v6_0_8046,v1_3_beba,conv-dcac8581,evasive,7.16,0.0,0.50,0.29,True,0.89,0.71,True,0.88,0.43,True,6.62,5.50,3.57,False
6,v6_0_8046,v1_3_beba,conv-13cce51f,cooperative,7.87,1.0,0.75,0.71,True,0.89,0.71,True,0.75,0.71,True,7.75,6.62,3.57,False
6,v6_0_8046,v1_3_beba,conv-53675cc6,combative,4.85,1.0,0.62,0.14,True,0.44,0.14,True,0.00,0.00,True,5.50,1.00,2.29,False
6,v6_0_8046,v1_3_beba,conv-7cfbcfd8,evasive,6.96,0.0,0.62,0.43,True,0.67,0.43,True,0.75,0.57,True,6.62,5.50,3.57,False
6,v6_0_8046,v1_3_beba,conv-eb4b1bf6,confused,7.57,1.0,0.50,0.57,True,0.78,0.71,True,0.88,0.71,True,6.62,7.75,3.57,False
6,v6_0_8046,v1_3_beba,conv-8b8c3ba3,distressed,7.65,1.0,0.88,0.71,True,0.33,0.71,True,0.75,0.71,True,7.75,8.88,3.57,False
6,v6_0_8046,v1_3_beba,conv-cd28c069,cooperative,8.44,1.0,0.88,0.86,True,0.89,0.71,True,0.88,0.86,True,6.62,10.00,3.57,False
6,v6_0_8046,v1_3_beba,conv-c5f547f0,combative,4.48,0.0,0.50,0.43,False,0.56,0.71,True,0.88,0.43,True,5.50,5.50,2.29,False
6,v6_0_8046,v1_3_beba,conv-7defd888,evasive,7.25,0.0,0.50,0.43,True,0.89,0.71,True,0.88,0.57,True,5.50,5.50,3.57,False
6,v6_0_8046,v1_3_beba,conv-c59a7b28,confused,6.79,1.0,0.50,0.29,True,0.67,0.71,True,0.88,0.57,True,3.25,5.50,3.57,False
6,v6_0_8046,v1_3_beba,conv-a877055b,distressed,7.88,1.0,0.88,0.71,True,0.56,0.86,True,0.88,0.86,True,6.62,6.62,3.57,False
6,v6_0_8046,v1_3_beba,conv-0a8cd69b,cooperative,7.66,0.0,0.62,0.43,True,1.00,0.57,True,1.00,0.57,True,5.50,7.75,3.57,False
6,v6_0_8046,v1_3_beba,conv-f3fe5940,combative,6.55,0.0,0.62,0.29,True,0.56,0.71,True,0.50,0.43,True,5.50,5.50,3.57,False
6,v6_0_8046,v1_3_beba,conv-95abc8e2,evasive,6.93,0.0,0.50,0.29,True,0.67,0.71,True,0.75,0.43,True,7.75,5.50,3.57,False
6,v6_0_8046,v1_3_beba,conv-df1a428f,confused,6.97,0.0,0.62,0.57,True,0.67,0.71,True,0.75,0.57,True,3.25,5.50,3.57,False
6,v6_0_8046,v1_3_beba,conv-3d658cb6,distressed,7.67,1.0,0.75,0.43,True,0.44,0.71,True,0.88,0.71,True,8.88,8.88,3.57,False
6,v6_2_8427,v1_3_beba,conv-0aae6625,cooperative,8.46,1.0,1.00,0.86,True,0.89,0.71,True,0.88,0.71,True,8.88,7.75,3.57,False
6,v6_2_8427,v1_3_beba,conv-e473dc1e,combative,6.28,0.0,0.50,0.29,True,0.44,0.71,True,0.62,0.43,True,3.25,5.50,3.57,False
6,v6_2_8427,v1_3_beba,conv-abc84920,cooperative,7.7,1.0,0.75,0.43,True,0.56,0.71,True,0.75,0.57,True,8.88,8.88,4.86,False
6,v6_2_8427,v1_3_beba,conv-626ba256,combative,6.38,0.0,0.62,0.14,True,0.56,0.14,True,0.88,0.29,True,5.50,5.50,3.57,False
6,v6_2_8427,v1_3_beba,conv-96ab51bf,evasive,7.12,0.0,0.62,0.43,True,0.78,0.57,True,1.00,0.43,True,5.50,4.38,3.57,False
6,v6_2_8427,v1_3_beba,conv-74929ec0,confused,6.35,0.0,0.50,0.29,True,0.56,0.57,True,0.50,0.43,True,4.38,6.62,3.57,False
6,v6_2_8427,v1_3_beba,conv-c5dbec66,distressed,7.84,1.0,0.75,0.57,True,0.44,0.86,True,0.88,0.71,True,8.88,8.88,3.57,False
6,v6_2_8427,v1_3_beba,conv-ea8d9067,cooperative,8.0,1.0,0.88,0.86,True,1.00,0.71,True,0.75,0.43,True,6.62,7.75,3.57,False
6,v6_2_8427,v1_3_beba,conv-d1157c9e,combative,3.98,0.0,0.62,0.29,True,0.00,0.00,True,0.00,0.00,True,1.00,1.00,1.00,False
6,v6_2_8427,v1_3_beba,conv-1f73ad74,evasive,7.2,0.0,0.62,0.43,True,0.78,0.57,True,1.00,0.57,True,4.38,5.50,3.57,False
6,v6_2_8427,v1_3_beba,conv-b43ae7cc,cooperative,6.23,1.0,0.62,0.71,True,0.89,0.71,True,0.00,0.00,True,7.75,1.00,3.57,False
6,v6_2_8427,v1_3_beba,conv-ad2b1d02,combative,6.41,1.0,0.62,0.43,True,0.56,0.29,True,0.62,0.43,True,4.38,5.50,3.57,False
6,v6_2_8427,v1_3_beba,conv-37a8c944,evasive,7.47,0.0,0.62,0.29,True,0.89,0.71,True,1.00,0.57,True,6.62,5.50,3.57,False
6,v6_2_8427,v1_3_beba,conv-193beecd,confused,6.93,0.0,0.50,0.57,True,0.44,0.71,True,0.88,0.57,True,5.50,5.50,3.57,False
6,v6_2_8427,v1_3_beba,conv-42fd6c68,distressed,7.88,1.0,0.88,0.43,True,0.56,0.71,True,0.88,0.71,True,8.88,8.88,3.57,False
6,v6_2_8427,v1_3_beba,conv-aa205dd3,cooperative,6.23,1.0,1.00,0.71,True,0.89,0.14,True,0.00,0.00,True,7.75,1.00,3.57,False
6,v6_2_8427,v1_3_beba,conv-55630a9c,combative,6.79,0.0,0.62,0.29,True,0.67,0.57,True,0.75,0.43,True,4.38,6.62,3.57,False
6,v6_2_8427,v1_3_beba,conv-21daa7ac,evasive,5.9,0.0,0.62,0.43,True,0.00,0.57,True,0.75,0.57,True,3.25,3.25,2.29,False
6,v6_2_8427,v1_3_beba,conv-6a1340ff,confused,6.73,1.0,0.75,0.57,True,0.44,0.57,True,0.50,0.14,True,7.75,6.62,3.57,False
6,v6_2_8427,v1_3_beba,conv-452458d6,distressed,7.58,1.0,0.75,0.43,True,0.44,0.71,True,0.88,0.71,True,8.88,7.75,3.57,False
6,v6_2_8427,v1_3_beba,conv-c81b42f8,cooperative,8.31,1.0,1.00,0.86,True,1.00,0.71,True,0.88,0.71,True,5.50,7.75,3.57,False
6,v6_2_8427,v1_3_beba,conv-ca0bc189,combative,3.79,0.0,0.50,0.14,True,0.00,0.00,True,0.00,0.00,True,1.00,1.00,1.00,False
6,v6_2_8427,v1_3_beba,conv-8a49586e,evasive,6.85,0.0,0.62,0.43,True,0.67,0.86,True,0.62,0.29,True,5.50,5.50,3.57,False
6,v6_2_8427,v1_3_beba,conv-124f1cc7,confused,6.66,0.0,0.50,0.29,True,0.56,0.57,True,0.75,0.57,True,4.38,6.62,3.57,False
6,v6_2_8427,v1_3_beba,conv-7e25bb69,distressed,8.44,1.0,0.88,0.71,True,0.78,0.86,True,0.75,0.86,True,8.88,8.88,4.86,False
7,v7_1_6a33,v4_1_1717,conv-3efaf072,cooperative,8.47,1.0,1.00,0.86,True,0.89,1.00,True,0.88,0.86,True,5.50,7.75,3.57,False
7,v7_1_6a33,v4_1_1717,conv-f6b67ab2,combative,4.31,0.0,0.62,0.29,False,0.44,0.71,True,0.62,0.43,True,5.50,5.50,3.57,False
7,v7_0_82c4,v4_1_1717,conv-c169f545,cooperative,7.26,0.0,0.62,0.71,True,0.78,0.43,True,0.88,0.57,True,5.50,5.50,3.57,False
7,v7_0_82c4,v4_1_1717,conv-7a80c46a,combative,3.96,0.0,0.50,0.43,True,0.00,0.00,True,0.00,0.00,True,1.00,1.00,1.00,False
7,v7_0_82c4,v4_1_1717,conv-7f2928a2,cooperative,7.86,1.0,1.00,0.57,True,0.67,0.71,True,0.62,0.43,True,10.00,8.88,3.57,False
7,v7_0_82c4,v4_1_1717,conv-2d3f5ff6,combative,6.24,0.0,0.50,0.14,True,0.56,0.29,True,0.75,0.57,True,3.25,5.50,3.57,False
7,v7_0_82c4,v4_1_1717,conv-58cdf6e7,evasive,6.91,0.0,0.50,0.29,True,0.89,0.71,True,0.88,0.43,True,3.25,5.50,3.57,False
7,v7_0_82c4,v4_1_1717,conv-2994dd2a,confused,6.56,1.0,0.50,0.14,True,0.44,0.43,True,0.75,0.57,True,6.62,6.62,3.57,False
7,v7_0_82c4,v4_1_1717,conv-574a4661,distressed,7.7,1.0,0.88,0.71,True,0.44,0.71,True,0.88,0.71,True,7.75,6.62,3.57,False
7,v7_0_82c4,v4_1_1717,conv-c772dc72,cooperative,5.55,1.0,0.62,0.43,True,0.56,0.71,True,0.00,0.00,True,6.62,1.00,2.29,False
7,v7_0_82c4,v4_1_1717,conv-006c79ba,combative,6.6,0.0,0.50,0.43,True,0.67,0.71,True,0.75,0.43,True,3.25,4.38,3.57,False
7,v7_0_82c4,v4_1_1717,conv-4db4b2d2,evasive,6.84,0.0,0.50,0.29,True,0.78,0.71,True,0.62,0.57,True,5.50,5.50,3.57,False
7,v7_0_82c4,v4_1_1717,conv-2417afe9,cooperative,7.56,0.0,0.62,0.43,True,0.89,0.71,True,1.00,0.57,True,6.62,5.50,3.57,False
7,v7_0_82c4,v4_1_1717,conv-1aa8cdb4,combative,6.71,0.0,0.50,0.14,True,0.67,0.71,True,0.88,0.43,True,4.38,5.50,3.57,False
7,v7_0_82c4,v4_1_1717,conv-04d6fcfd,evasive,6.99,0.0,0.50,0.43,True,0.89,0.71,True,0.88,0.43,True,3.25,5.50,3.57,False
7,v7_0_82c4,v4_1_1717,conv-3fb42fc0,confused,6.01,1.0,0.62,0.43,True,0.56,0.57,True,0.00,0.14,True,6.62,5.50,3.57,False
7,v7_0_82c4,v4_1_1717,conv-7cc8f298,distressed,7.78,1.0,0.75,0.43,True,0.67,0.71,True,0.88,0.86,True,7.75,7.75,3.57,False
7,v7_0_82c4,v4_1_1717,conv-763dbb99,cooperative,7.88,1.0,1.00,0.14,True,1.00,0.71,True,0.88,0.71,True,5.50,7.75,3.57,False
7,v7_0_82c4,v4_1_1717,conv-bdb6340d,combative,6.89,0.0,0.62,0.29,True,0.56,0.71,True,0.88,0.43,True,5.50,5.50,3.57,False
7,v7_0_82c4,v4_1_1717,conv-a4ff8c45,evasive,7.54,0.0,0.62,0.43,True,0.78,0.71,True,1.00,0.57,True,6.62,6.62,3.57,False
7,v7_0_82c4,v4_1_1717,conv-301ab173,confused,6.89,1.0,0.50,0.43,True,0.56,0.71,True,0.62,0.43,True,7.75,6.62,3.57,False
7,v7_0_82c4,v4_1_1717,conv-fbad023f,distressed,7.97,1.0,0.88,0.43,True,0.78,0.86,True,0.75,0.86,True,6.62,8.88,3.57,False
7,v7_0_82c4,v4_1_1717,conv-c88bf51d,cooperative,7.98,1.0,0.88,0.86,True,0.89,0.71,True,0.75,0.57,True,6.62,7.75,3.57,False
7,v7_0_82c4,v4_1_1717,conv-eb0542b6,combative,6.68,0.0,0.62,0.43,True,0.67,0.71,True,0.62,0.29,True,4.38,5.50,3.57,False
7,v7_0_82c4,v4_1_1717,conv-4263183a,evasive,7.18,0.0,0.62,0.43,True,0.78,0.86,True,0.88,0.57,True,4.38,4.38,3.57,False
7,v7_0_82c4,v4_1_1717,conv-c5314614,confused,7.03,1.0,0.62,0.29,True,0.56,0.71,True,0.75,0.71,True,4.38,7.75,3.57,False
7,v7_0_82c4,v4_1_1717,conv-79e7caf1,distressed,7.63,1.0,0.75,0.43,True,0.78,0.86,True,0.88,0.43,True,6.62,7.75,3.57,False
7,v7_2_a60f,v2_2_f5ed,conv-d4ff954f,cooperative,6.53,1.0,1.00,0.57,True,0.89,0.57,True,0.00,0.00,True,7.75,1.00,4.86,False
7,v7_2_a60f,v2_2_f5ed,conv-0ec1eafb,combative,5.62,0.0,0.62,0.43,True,0.00,0.29,True,0.50,0.43,True,6.62,4.38,1.00,False
7,v7_2_a60f,v2_2_f5ed,conv-c1d5f421,cooperative,6.33,1.0,0.88,0.29,True,0.89,0.57,True,0.00,0.00,True,8.88,1.00,4.86,False
7,v7_2_a60f,v2_2_f5ed,conv-8e7b9bd8,combative,6.83,1.0,0.62,0.29,True,0.56,0.29,True,1.00,0.43,True,6.62,5.50,3.57,False
7,v7_2_a60f,v2_2_f5ed,conv-556c5194,evasive,7.35,1.0,0.62,0.43,True,0.78,0.71,True,0.88,0.57,True,5.50,6.62,3.57,False
7,v7_2_a60f,v2_2_f5ed,conv-ecaa3ebe,confused,7.26,1.0,0.50,0.71,True,0.67,0.57,True,0.88,0.71,True,5.50,7.75,2.29,False
7,v7_2_a60f,v2_2_f5ed,conv-cd726110,distressed,7.75,1.0,0.75,0.43,True,0.44,0.86,True,0.88,0.71,True,8.88,8.88,3.57,False
7,v7_2_a60f,v2_2_f5ed,conv-d756b631,cooperative,7.57,1.0,0.62,0.71,True,0.78,0.71,True,0.75,0.71,True,6.62,6.62,3.57,False
7,v7_2_a60f,v2_2_f5ed,conv-d581f101,combative,6.66,0.0,0.62,0.14,True,0.67,0.29,True,0.75,0.43,True,5.50,5.50,4.86,False
7,v7_2_a60f,v2_2_f5ed,conv-1c99cd71,evasive,7.15,1.0,0.50,0.14,True,0.78,0.71,True,0.88,0.57,True,5.50,7.75,3.57,False
7,v7_2_a60f,v2_2_f5ed,conv-7fc05214,cooperative,8.41,1.0,1.00,1.00,True,0.89,0.71,True,1.00,0.57,True,6.62,7.75,3.57,False
7,v7_2_a60f,v2_2_f5ed,conv-f96b363f,combative,6.96,0.0,0.50,0.29,True,0.67,0.71,True,0.88,0.43,True,6.62,5.50,3.57,False
7,v7_2_a60f,v2_2_f5ed,conv-e4f89878,evasive,6.98,0.0,0.62,0.14,True,0.78,0.71,True,0.75,0.57,True,5.50,5.50,3.57,False
7,v7_2_a60f,v2_2_f5ed,conv-9e67e5e8,confused,7.57,1.0,0.50,0.57,True,0.78,0.71,True,0.88,0.71,True,6.62,7.75,3.57,False
7,v7_2_a60f,v2_2_f5ed,conv-617a0e3c,distressed,7.2,1.0,0.75,0.43,True,0.33,0.86,True,0.75,0.57,True,7.75,6.62,3.57,False
7,v7_2_a60f,v2_2_f5ed,conv-320a403b,cooperative,6.34,1.0,1.00,0.71,True,0.78,0.43,True,0.00,0.00,True,6.62,1.00,4.86,False
7,v7_2_a60f,v2_2_f5ed,conv-aaf82751,combative,5.56,0.0,0.50,0.14,True,0.22,0.71,True,0.00,0.14,True,7.75,6.62,2.29,False
7,v7_2_a60f,v2_2_f5ed,conv-e58c300d,evasive,7.41,0.0,0.62,0.43,True,0.67,0.57,True,0.88,0.57,True,7.75,7.75,3.57,False
7,v7_2_a60f,v2_2_f5ed,conv-4fc19f7a,confused,7.37,1.0,0.50,0.57,True,0.56,0.57,True,0.88,0.71,True,7.75,7.75,3.57,False
7,v7_2_a60f,v2_2_f5ed,conv-83f8ba23,distressed,7.87,1.0,0.75,0.43,True,0.67,0.71,True,0.88,0.71,True,8.88,8.88,3.57,False
7,v7_2_a60f,v2_2_f5ed,conv-b244a7a0,cooperative,5.68,1.0,0.50,0.57,True,0.89,0.57,False,0.88,0.86,True,8.88,8.88,3.57,False
7,v7_2_a60f,v2_2_f5ed,conv-275d8134,combative,6.45,0.0,0.62,0.14,True,0.67,0.43,True,0.75,0.29,True,4.38,5.50,3.57,False
7,v7_2_a60f,v2_2_f5ed,conv-b901160f,evasive,5.65,1.0,0.50,0.43,True,0.89,0.71,True,0.00,0.00,True,5.50,1.00,2.29,False
7,v7_2_a60f,v2_2_f5ed,conv-113d4ec1,confused,7.34,1.0,0.50,0.43,True,0.56,0.57,True,0.75,0.57,True,8.88,10.00,3.57,False
7,v7_2_a60f,v2_2_f5ed,conv-8d6ba5c6,distressed,8.15,1.0,0.88,0.86,True,0.67,0.86,True,0.88,0.43,True,8.88,8.88,3.57,False
7,v7_3_9e24,v4_2_1b85,conv-c8db1067,cooperative,8.08,1.0,1.00,0.29,True,1.00,0.71,True,1.00,0.57,True,6.62,7.75,3.57,False
7,v7_3_9e24,v4_2_1b85,conv-f9602508,combative,4.95,1.0,0.50,0.29,True,0.44,0.43,True,0.00,0.00,True,3.25,1.00,3.57,False
7,v7_3_9e24,v4_2_1b85,conv-8c30f55a,cooperative,8.51,1.0,1.00,0.86,True,1.00,0.71,True,1.00,0.86,True,6.62,6.62,3.57,False
7,v7_3_9e24,v4_2_1b85,conv-342cd5eb,combative,6.58,0.0,0.50,0.14,True,0.56,0.57,True,0.75,0.57,True,4.38,6.62,3.57,False
7,v7_3_9e24,v4_2_1b85,conv-072869ff,evasive,6.95,0.0,0.62,0.43,True,0.56,0.71,True,0.75,0.57,True,3.25,7.75,3.57,False
7,v7_3_9e24,v4_2_1b85,conv-06a79de4,confused,6.67,1.0,0.50,0.43,True,0.56,0.57,True,0.75,0.57,True,4.38,5.50,3.57,False
7,v7_3_9e24,v4_2_1b85,conv-db527a41,distressed,7.91,1.0,0.88,0.43,True,0.78,0.71,True,0.88,0.71,True,7.75,7.75,3.57,False
7,v7_3_9e24,v4_2_1b85,conv-11e3842b,cooperative,8.41,1.0,1.00,0.71,True,0.89,0.86,True,1.00,0.71,True,6.62,7.75,3.57,False
7,v7_3_9e24,v4_2_1b85,conv-15d51251,combative,6.16,0.0,0.50,0.14,True,0.44,0.29,True,0.88,0.14,True,5.50,5.50,3.57,False
7,v7_3_9e24,v4_2_1b85,conv-638828c4,evasive,4.91,0.0,0.62,0.43,True,0.67,0.71,True,0.88,0.57,False,5.50,5.50,3.57,False
7,v7_3_9e24,v4_2_1b85,conv-57027a74,cooperative,8.14,1.0,1.00,0.57,True,1.00,0.71,True,0.88,0.57,True,6.62,7.75,3.57,False
7,v7_3_9e24,v4_2_1b85,conv-aff477a7,combative,6.3,0.0,0.50,0.14,True,0.56,0.71,True,0.62,0.43,True,4.38,4.38,3.57,False
7,v7_3_9e24,v4_2_1b85,conv-022d7d42,evasive,7.53,0.0,0.62,0.43,True,0.89,0.71,True,0.88,0.57,True,5.50,7.75,3.57,False
7,v7_3_9e24,v4_2_1b85,conv-403560a2,confused,6.55,1.0,0.50,0.14,True,0.56,0.71,True,0.62,0.57,True,4.38,6.62,3.57,False
7,v7_3_9e24,v4_2_1b85,conv-231b2db7,distressed,8.14,1.0,0.88,0.57,True,0.78,0.86,True,0.75,0.71,True,8.88,8.88,3.57,False
7,v7_3_9e24,v4_2_1b85,conv-dca95e46,cooperative,7.79,1.0,0.88,0.43,True,0.56,0.43,True,0.88,0.86,True,7.75,10.00,3.57,False
7,v7_3_9e24,v4_2_1b85,conv-fea579bc,combative,6.17,0.0,0.62,0.29,True,0.44,0.29,True,0.75,0.29,True,3.25,5.50,3.57,False
7,v7_3_9e24,v4_2_1b85,conv-f625c4a9,evasive,6.86,1.0,0.62,0.43,True,0.56,0.71,True,0.75,0.43,True,5.50,5.50,3.57,False
7,v7_3_9e24,v4_2_1b85,conv-61c70a02,confused,7.11,1.0,0.50,0.14,True,0.56,0.57,True,0.88,0.71,True,7.75,7.75,3.57,False
7,v7_3_9e24,v4_2_1b85,conv-cad553fd,distressed,7.52,1.0,0.88,0.71,True,0.44,0.71,True,0.88,0.43,True,7.75,6.62,3.57,False
7,v7_3_9e24,v4_2_1b85,conv-68f71d3a,cooperative,6.43,1.0,1.00,0.57,True,0.78,0.71,True,0.00,0.00,True,6.62,1.00,4.86,False
7,v7_3_9e24,v4_2_1b85,conv-2ccca2e5,combative,6.49,0.0,0.50,0.29,True,0.56,0.43,True,0.75,0.43,True,4.38,6.62,3.57,False
7,v7_3_9e24,v4_2_1b85,conv-39075a14,evasive,7.19,0.0,0.62,0.43,True,0.67,0.71,True,1.00,0.57,True,4.38,5.50,3.57,False
7,v7_3_9e24,v4_2_1b85,conv-44b678e5,confused,7.33,1.0,0.62,0.43,True,0.67,0.71,True,0.88,0.57,True,6.62,6.62,3.57,False
7,v7_3_9e24,v4_2_1b85,conv-7029e964,distressed,8.05,1.0,0.88,0.86,True,0.78,0.71,True,0.75,0.71,True,7.75,7.75,3.57,False
8,v8_3_fe63,v4_3_7488,conv-d9a4b3c2,cooperative,6.49,1.0,0.88,0.57,True,0.78,0.86,True,0.00,0.00,True,7.75,1.00,4.86,False
8,v8_3_fe63,v4_3_7488,conv-77bfffd2,combative,6.21,0.0,0.38,0.43,True,0.56,0.14,True,0.75,0.43,True,5.50,4.38,3.57,False
8,v8_3_fe63,v4_3_7488,conv-aa222154,cooperative,7.92,1.0,0.75,0.71,True,0.67,0.86,True,0.75,0.57,True,7.75,10.00,3.57,False
8,v8_3_fe63,v4_3_7488,conv-535ee789,combative,4.06,0.0,0.50,0.43,True,0.67,0.29,True,0.62,0.14,False,6.62,4.38,3.57,False
8,v8_3_fe63,v4_3_7488,conv-7ce376f5,evasive,6.89,0.0,0.50,0.43,True,0.78,0.57,True,0.88,0.57,True,3.25,5.50,3.57,False
8,v8_3_fe63,v4_3_7488,conv-0bcbf78f,confused,6.67,1.0,0.38,0.43,True,0.56,0.71,True,0.50,0.71,True,5.50,6.62,3.57,False
8,v8_3_fe63,v4_3_7488,conv-12257dd1,distressed,7.49,1.0,0.62,0.43,True,0.78,0.71,True,0.75,0.71,True,6.62,7.75,3.57,False
8,v8_3_fe63,v4_3_7488,conv-e832f338,cooperative,7.04,1.0,0.75,0.57,True,0.44,0.14,True,0.75,0.57,True,7.75,7.75,3.57,False
8,v8_3_fe63,v4_3_7488,conv-07314604,combative,6.37,0.0,0.38,0.43,True,0.33,0.86,True,0.62,0.43,True,7.75,4.38,2.29,False
8,v8_3_fe63,v4_3_7488,conv-8f0a197b,evasive,5.69,1.0,0.50,0.57,True,0.56,0.71,True,0.00,0.00,True,5.50,1.00,4.86,False
8,v8_3_fe63,v4_3_7488,conv-b5fe1114,cooperative,5.52,1.0,0.00,0.29,True,0.22,0.29,True,0.50,0.29,True,6.62,6.62,3.57,False
8,v8_3_fe63,v4_3_7488,conv-ee03e563,combative,2.13,1.0,0.12,0.14,False,0.00,0.14,True,0.00,0.14,True,3.25,5.50,3.57,False
8,v8_3_fe63,v4_3_7488,conv-0c103e77,evasive,4.59,0.0,0.25,0.00,True,0.11,0.00,True,0.00,0.00,True,5.50,6.62,3.57,False
8,v8_3_fe63,v4_3_7488,conv-23fb9745,confused,5.13,1.0,0.00,0.57,True,0.11,0.14,True,0.00,0.14,True,7.75,7.75,3.57,False
8,v8_3_fe63,v4_3_7488,conv-dc1a1c10,distressed,5.67,1.0,0.25,0.29,True,0.56,0.29,True,0.00,0.00,True,8.88,7.75,3.57,False
8,v8_3_fe63,v4_3_7488,conv-9bba2446,cooperative,1.76,1.0,0.00,0.00,True,0.00,0.00,False,0.00,0.00,True,7.75,1.00,3.57,False
8,v8_3_fe63,v4_3_7488,conv-c78efdf4,combative,4.59,0.0,0.00,0.00,True,0.11,0.00,True,0.25,0.14,True,4.38,6.62,3.57,False
8,v8_3_fe63,v4_3_7488,conv-515b4efc,evasive,5.97,0.0,0.25,0.29,True,0.67,0.43,True,0.50,0.14,True,4.38,6.62,3.57,False
8,v8_3_fe63,v4_3_7488,conv-f77a336e,confused,5.37,1.0,0.38,0.43,True,0.22,0.00,True,0.25,0.00,True,6.62,6.62,3.57,False
8,v8_3_fe63,v4_3_7488,conv-d299cd55,distressed,6.36,1.0,0.38,0.14,True,0.22,0.43,True,0.50,0.57,True,8.88,8.88,3.57,False
8,v8_3_fe63,v4_3_7488,conv-da109f60,cooperative,6.45,1.0,0.50,0.43,True,0.44,0.29,True,0.62,0.43,True,6.62,6.62,3.57,False
8,v8_3_fe63,v4_3_7488,conv-d43a1c5c,combative,4.92,0.0,0.38,0.00,True,0.22,0.00,True,0.12,0.14,True,4.38,6.62,3.57,False
8,v8_3_fe63,v4_3_7488,conv-3db9b594,evasive,5.83,0.0,0.25,0.14,True,0.22,0.57,True,0.50,0.29,True,6.62,6.62,3.57,False
8,v8_3_fe63,v4_3_7488,conv-a085f26d,confused,5.8,1.0,0.25,0.14,True,0.22,0.29,True,0.38,0.29,True,7.75,8.88,3.57,False
8,v8_3_fe63,v4_3_7488,conv-66a607ff,distressed,6.48,1.0,0.12,0.29,True,0.67,0.29,True,0.62,0.43,True,8.88,7.75,3.57,False
8,v8_1_eb87,v0_3_87bb,conv-c35e8670,cooperative,6.18,1.0,0.75,0.71,True,0.89,0.57,True,0.00,0.00,True,6.62,1.00,3.57,False
8,v8_1_eb87,v0_3_87bb,conv-7601287a,combative,5.8,0.0,0.50,0.43,True,0.00,0.43,True,0.62,0.43,True,4.38,4.38,3.57,False
8,v8_1_eb87,v0_3_87bb,conv-dc6d8c85,cooperative,6.48,1.0,1.00,0.71,True,0.89,0.57,True,0.00,0.00,True,7.75,1.00,3.57,False
8,v8_1_eb87,v0_3_87bb,conv-e2317b78,combative,5.99,0.0,0.62,0.43,True,0.00,0.57,True,0.62,0.14,True,6.62,4.38,3.57,False
8,v8_1_eb87,v0_3_87bb,conv-d22aa76a,evasive,7.37,0.0,0.62,0.43,True,0.78,0.71,True,1.00,0.57,True,5.50,5.50,3.57,False
8,v8_1_eb87,v0_3_87bb,conv-e3ad2e94,confused,6.88,1.0,0.50,0.43,True,0.67,0.71,True,0.50,0.29,True,8.88,6.62,3.57,False
8,v8_1_eb87,v0_3_87bb,conv-97290bbb,distressed,7.61,1.0,0.88,0.57,True,0.44,0.71,True,0.88,0.57,True,7.75,7.75,3.57,False
8,v8_1_eb87,v0_3_87bb,conv-f46a952f,cooperative,7.72,1.0,1.00,0.86,True,0.67,0.43,True,0.75,0.43,True,7.75,7.75,3.57,False
8,v8_1_eb87,v0_3_87bb,conv-4c15e7e0,combative,6.01,0.0,0.62,0.14,True,0.44,0.43,True,0.62,0.43,True,4.38,4.38,2.29,False
8,v8_1_eb87,v0_3_87bb,conv-618fcb0a,evasive,7.1,0.0,0.62,0.43,True,0.78,0.57,True,0.75,0.57,True,6.62,6.62,2.29,False
8,v8_1_eb87,v0_3_87bb,conv-2ea7913a,cooperative,4.99,1.0,0.12,0.00,True,0.11,0.14,True,0.00,0.00,True,8.88,8.88,3.57,False
8,v8_1_eb87,v0_3_87bb,conv-3dc1bfe3,combative,4.27,0.0,0.00,0.00,True,0.00,0.00,True,0.00,0.00,True,6.62,5.50,3.57,False
8,v8_1_eb87,v0_3_87bb,conv-25f93dbf,evasive,3.93,0.0,0.00,0.00,True,0.00,0.00,True,0.00,0.00,True,4.38,3.25,3.57,False
8,v8_1_eb87,v0_3_87bb,conv-a7339ec7,confused,4.44,0.0,0.00,0.00,True,0.00,0.00,True,0.00,0.00,True,7.75,6.62,3.57,False
8,v8_1_eb87,v0_3_87bb,conv-bcf8bd4c,distressed,4.52,1.0,0.00,0.00,True,0.00,0.00,True,0.00,0.00,True,7.75,7.75,3.57,False
8,v8_1_eb87,v0_3_87bb,conv-51fb283b,cooperative,3.72,1.0,0.00,0.00,True,0.00,0.00,True,0.00,0.00,True,5.50,1.00,2.29,False
8,v8_1_eb87,v0_3_87bb,conv-40b196f4,combative,2.0,0.0,0.00,0.00,True,0.00,0.14,True,0.12,0.00,False,6.62,4.38,2.29,False
8,v8_1_eb87,v0_3_87bb,conv-53697d7d,evasive,4.44,1.0,0.00,0.00,True,0.00,0.29,True,0.00,0.00,True,5.50,6.62,3.57,False
8,v8_1_eb87,v0_3_87bb,conv-3fa28707,confused,4.52,1.0,0.00,0.00,True,0.00,0.00,True,0.00,0.00,True,7.75,7.75,3.57,False
8,v8_1_eb87,v0_3_87bb,conv-c8340c09,distressed,4.79,1.0,0.00,0.00,True,0.11,0.00,True,0.00,0.00,True,8.88,8.88,3.57,False
8,v8_1_eb87,v0_3_87bb,conv-34901cbf,cooperative,4.14,1.0,0.00,0.00,True,0.00,0.00,True,0.00,0.00,True,7.75,1.00,4.86,False
8,v8_1_eb87,v0_3_87bb,conv-22f9a6a2,combative,4.1,0.0,0.00,0.00,True,0.00,0.00,True,0.00,0.00,True,4.38,5.50,3.57,False
8,v8_1_eb87,v0_3_87bb,conv-6659b94a,evasive,4.35,0.0,0.00,0.00,True,0.00,0.00,True,0.00,0.00,True,6.62,6.62,3.57,False
8,v8_1_eb87,v0_3_87bb,conv-4767f062,confused,4.39,1.0,0.00,0.00,True,0.00,0.00,True,0.00,0.00,True,7.75,7.75,2.29,False
8,v8_1_eb87,v0_3_87bb,conv-62d2d2a4,distressed,4.69,1.0,0.00,0.00,True,0.00,0.00,True,0.00,0.00,True,8.88,8.88,3.57,False
